Student Roll No,EffectiveAverageRank,creditSatisfactionRatio
KJ15TAMW,1.04,0.79
KJ15STAY,1.75,0.29
KJ15EWBK,0.58,0.86
KJ15JXSG,0.0,1.0
KJ15MQPT,0.89,0.43
KJ15AXCE,0.8,0.56
KJ15KTLM,1.0,0.82
KJ15JGKH,0.75,0.86
KJ15HVRB,0.75,0.57
KJ15KTPD,0.6,0.88
KJ15LMVB,0.83,0.86
KJ15TGRN,0.69,0.81
KJ15AICJ,0.58,0.98
KJ15NYAL,0.78,0.6
KJ15HVIG,1.38,0.59
KJ15QJYW,0.78,0.54
KJ15KDMK,0.0,1.0
KJ15DTZZ,0.76,0.81
KJ15EWGA,0.58,0.9
KJ15VQWG,0.69,0.86
KJ15VUMR,0.78,0.54
KJ15OFKV,1.06,0.71
KJ15MJFL,0.96,0.71
KJ15QIAK,0.0,1.0
KJ15DKOB,0.67,0.84
KJ15HPGD,0.67,0.53
KJ15RTAM,0.0,1.0
KJ15JJUW,0.0,1.0
KJ15ZFES,1.0,0.57
KJ15NOFI,0.63,0.71
KJ15ZXPJ,0.58,0.65
KJ15OEPE,0.67,0.54
KJ15YYLT,0.78,0.86
KJ15EGCB,0.0,1.0
KJ15MTXM,0.88,0.52
KJ15YFBZ,0.63,0.71
KJ15YMKL,1.0,0.52
KJ15EHER,0.88,0.67
KJ15JAHX,0.67,0.44
KJ15DHYY,1.0,0.43
KJ15WRSI,0.0,1.0
KJ15VWLY,0.88,0.68
KJ15XWXH,0.75,0.71
KJ15TWSB,1.04,0.76
KJ15PPQI,0.75,0.7
KJ15TGKJ,0.68,0.88
KJ15GRNZ,0.0,1.0
KJ15XGJS,0.0,1.0
KJ15EGLM,0.0,1.0
KJ15GJSE,0.6,0.88
KJ15HWWU,0.67,0.79
KJ15WQET,1.0,0.53
KJ15HYZX,0.75,0.71
KJ15ZTDQ,0.0,1.0
KJ15ESNN,0.78,0.59
KJ15CEHG,0.67,0.6
KJ15OBML,0.0,1.0
KJ15OOQN,1.25,0.35
KJ15XOTM,0.81,0.71
KJ16DQOH,0.75,0.67
KJ16UPUS,1.0,0.33
KJ16DGAI,1.0,0.67
KJ16JRMA,0.75,0.67
KJ16OEWJ,0.75,0.67
KJ16OEMM,0.75,0.67
KJ16UYMS,1.0,0.53
KJ16YKEK,0.75,0.67
KJ16GRIC,0.75,0.67
KJ16EXRI,0.75,0.67
KJ16WRWL,0.75,0.67
KJ16UTQJ,1.0,0.53
KJ16BLSO,0.75,0.67
KJ16VMIC,1.0,0.53
KJ16SNPK,0.75,0.67
KJ16XHQX,0.75,0.67
KJ16KVJV,0.67,1.0
KJ16OMZK,0.75,0.67
KJ16OXOM,0.75,0.67
KJ16OKNM,0.75,0.67
KJ16RJAW,0.75,0.67
KJ16YUNI,0.67,0.82
KJ16YQAS,0.89,0.79
KJ16HCTZ,0.75,0.67
KJ16VGRL,0.75,0.67
KJ16YIYE,0.75,0.67
KJ16DENT,0.0,1.0
KJ16ROZO,0.75,0.67
KJ16ZOAP,0.67,1.0
KJ16LZFK,0.75,0.67
KJ16WLSY,0.67,1.0
KJ16AKGZ,0.75,0.67
KJ16GPZM,0.0,1.0
KJ16RMMV,0.75,0.67
KJ16GEWP,0.75,0.67
KJ16SXFV,0.75,0.67
KJ16JXZH,0.75,0.67
KJ16IODE,0.75,0.67
KJ16ZKAC,0.67,1.0
KJ16WYFB,0.75,0.67
KJ16ENIA,0.75,0.67
KJ16MNNS,1.0,0.33
KJ16XQTP,1.0,0.67
KJ16BZRZ,0.75,0.67
KJ16XRLH,0.75,0.67
KJ16THSJ,0.75,0.67
KJ16PNAS,0.75,0.67
KJ16BUDS,0.75,0.67
KJ16BXNB,1.0,0.56
KJ16WOWY,1.0,0.33
KJ16ASJR,0.75,0.67
KJ16CDXG,0.75,0.67
KJ16ROJR,1.0,0.33
KJ16ELAD,0.75,0.67
KJ16QICV,0.67,1.0
KJ16TCOA,1.0,0.53
KJ16TBAK,0.75,0.67
KJ16KTMR,0.75,0.67
KJ16UNVQ,0.67,1.0
KJ16XREN,1.0,0.33
KJ17YZBF,2.0,0.41
KJ17NZNB,3.0,0.41
KJ17ZCGN,1.0,0.41
KJ17FPUW,1.0,0.45
KJ17BQCG,0.75,0.86
KJ17MDMG,0.75,0.86
KJ17XVLB,1.0,0.86
KJ17ZGYD,1.0,0.41
KJ17VYVD,1.0,0.41
KJ17XRFE,0.75,0.86
KJ17DXAX,1.0,0.86
KJ17LAFE,1.0,0.41
KJ17EAYT,3.0,0.41
KJ17CQXN,1.0,0.69
KJ17KJMG,1.0,0.41
KJ17TCOQ,3.0,0.41
KJ17RQBJ,0.75,0.86
KJ17HZDE,1.0,0.41
KJ17SPTL,1.0,0.41
KJ17RDJY,1.0,0.41
KJ17WXVA,0.75,0.82
KJ17ZHUO,0.0,1.0
KJ17JYCX,1.0,0.41
KJ17AKNO,1.0,0.41
KJ17HWLD,2.0,0.41
KJ17LNEW,1.0,0.82
KJ17FLHI,1.0,0.5
KJ17TDGZ,1.0,0.41
KJ17XBHN,1.0,0.41
KJ17FCDV,1.0,0.41
KJ17QEJQ,2.0,0.41
KJ17EHNO,0.0,1.0
KJ17GKKK,0.75,0.95
KJ17AWNX,0.0,1.0
KJ17HYNV,1.0,0.41
KJ17CBEZ,1.0,0.41
KJ17YCVC,1.0,0.41
KJ17JALY,1.0,0.41
KJ17VTJN,0.0,1.0
KJ17LYAY,0.0,1.0
KJ17MKSL,1.0,0.41
KJ17DYGU,1.0,0.41
KJ17CXGY,1.0,0.41
KJ17CYLD,1.0,0.41
KJ17FVJM,0.0,1.0
KJ17WTAI,1.0,0.41
KJ17VQTA,1.0,0.41
KJ17EMAK,1.0,0.41
KJ17XLQF,1.0,0.41
KJ17INNQ,1.0,0.41
KJ17CWIK,1.0,0.75
KJ17ZLPH,1.0,0.41
KJ17BZJW,0.0,1.0
KJ17HNZS,1.5,0.82
KJ17NTQB,1.0,0.41
KJ17ZTHP,1.0,0.41
KJ17SBCA,1.0,0.41
KJ17HNAA,1.5,0.82
VL15NCCC,0.0,1.0
VL15WKUB,0.0,1.0
VL15JECT,0.75,0.93
VL15BCUB,0.81,0.86
VL15NNVC,0.78,0.46
VL15IVWR,0.67,0.84
VL15WQXH,1.0,0.16
VL15YHXT,0.58,0.87
VL15GFDH,0.0,1.0
VL15UTDJ,0.72,0.67
VL15CCZB,1.33,0.38
VL15HQFC,0.64,0.73
VL15TXSW,0.69,0.97
VL15CUKP,0.88,0.52
VL15JQBE,0.0,1.0
VL15DMGX,0.61,0.83
VL15JZRL,0.58,0.83
VL15FFGZ,0.58,0.83
VL15SPXZ,1.0,0.59
VL15IMPC,0.89,0.57
VL15RKZC,0.61,0.86
VL15KUCA,0.0,1.0
VL15BIPK,0.67,0.38
VL15DSSS,0.63,0.57
VL15XYSM,0.0,1.0
VL15TEQK,0.75,0.52
VL15FIFG,0.81,0.52
VL15SUQY,0.68,0.68
VL15OTNH,0.63,0.84
VL15NOKP,0.6,0.8
VL16SNLX,0.67,0.86
VL16RFLH,0.67,0.74
VL16HRLX,0.67,0.86
VL16RAYD,2.0,0.36
VL16EFVF,1.0,0.69
VL16JFCY,1.78,0.83
VL16HHOO,0.67,0.83
VL16QHQM,1.0,0.57
VL16VNCM,1.44,0.91
VL16NSSA,1.0,0.66
VL16ISTA,1.0,0.31
VL16VMZN,0.0,1.0
VL16ANEW,0.0,1.0
VL16HPIZ,0.78,0.74
VL16YBPB,0.67,0.86
VL16TBOT,0.78,0.74
VL16YRMG,0.89,0.48
VL16QQRF,0.0,1.0
VL16TNAT,1.0,0.48
VL16METN,1.22,0.94
VL16QWNJ,0.67,0.77
VL16UEIM,1.22,0.86
VL16UKLT,0.67,0.86
VL16JAIY,0.0,1.0
VL16LZYH,0.75,0.87
VL16QARN,0.67,0.94
VL16UAKR,0.0,1.0
VL16VKPN,0.0,1.0
VL16ZBRD,1.0,0.57
VL16EPOB,0.0,1.0
VL16XZPQ,1.0,0.91
VL16SSIW,0.0,1.0
VL16CPJW,1.0,0.53
VL16HAEE,0.78,0.83
VL16RMTY,0.75,0.57
VL16DTCZ,0.67,0.83
VL17QELG,1.0,0.38
VL17IWSE,0.75,0.75
VL17PMCK,1.0,0.64
VL17ZLQJ,1.0,0.64
VL17ABZL,0.75,0.75
VL17XZRP,0.75,0.79
VL17UOZU,1.0,0.42
VL17XVUM,0.0,1.0
VL17OTSU,0.75,0.79
VL17XVJZ,0.75,0.75
VL17CDXX,0.75,0.79
VL17OZUY,1.0,0.75
VL17XQJR,0.75,0.75
VL17BGMW,2.25,0.75
VL17GJTM,0.75,0.75
VL17RIGQ,0.0,1.0
VL17SZUN,0.0,1.0
VL17JFAX,2.0,0.75
VL17RCAY,1.25,0.75
VL17UEPG,1.0,0.75
VL17HVJK,0.75,0.75
VL17VEKY,1.25,0.75
VL17LFDM,1.25,0.75
VL17KDLN,0.75,0.75
VL17GHNZ,1.0,0.75
VL17PKBF,0.75,0.79
VL17ZMAS,1.0,0.75
VL17WFTW,0.75,0.75
VL17XINU,0.0,1.0
VL17DTYW,1.0,0.75
VL17CDDD,0.0,1.0
VL17SVNC,0.75,0.79
VL17OOVJ,1.0,0.75
VL17DZAT,0.75,0.75
VL17WTAO,0.75,0.79
VL17FVFW,0.75,0.75
VL17RKDP,0.75,0.79
BJ15WXTY,0.0,1.0
BJ15PZGR,1.0,0.53
BJ15CLYS,0.67,0.55
BJ15JIXK,1.75,0.35
BJ15FZNI,0.67,0.51
BJ15ZSST,0.89,0.53
BJ15KJCI,0.92,0.88
BJ15VCTJ,1.25,0.71
BJ15FQDR,0.0,1.0
BJ15LSSC,0.6,0.88
BJ15YNOK,0.94,0.73
BJ15CODK,0.67,0.44
BJ15MATK,0.78,0.43
BJ15EYOR,0.67,0.87
BJ15FWTB,0.0,1.0
BJ15VRAB,0.67,0.66
BJ15XLFJ,0.63,0.71
BJ15TDSH,0.0,1.0
BJ15MJMA,1.0,0.35
BJ15IGFE,0.68,0.88
BJ15GLOG,0.89,0.53
BJ15AJMX,0.67,0.82
BJ15EVRH,0.69,0.57
BJ15RWNG,0.69,0.71
BJ15QFWC,0.75,0.66
BJ15CXKG,0.6,0.96
BJ15BTJW,0.0,1.0
BJ15UHUB,1.0,0.6
BJ16GEUE,0.75,0.59
BJ16MDCH,1.0,0.26
BJ16QXSU,0.0,1.0
BJ16TWCK,0.67,0.85
BJ16RYXO,0.75,0.53
BJ16VVQY,0.67,0.85
BJ16GYRO,0.75,0.59
BJ16VYAP,0.75,0.67
BJ16QFZJ,0.75,0.59
BJ16BRIY,0.67,0.85
BJ16QOXK,0.0,1.0
BJ16WWKQ,0.75,0.59
BJ16UQEJ,1.0,0.53
BJ16WWYV,0.67,0.76
BJ16WHJG,0.78,0.85
BJ16XYCN,0.0,1.0
BJ16RUFH,0.75,0.74
BJ16BLSG,0.75,0.53
BJ16YFMZ,0.75,0.53
BJ16USTN,0.0,1.0
BJ16BKAA,0.75,0.53
BJ16OHNV,1.0,0.53
BJ16IESQ,0.75,0.75
BJ16VXWD,0.67,0.82
BJ16LBQH,0.67,0.88
BJ16AUIE,0.67,0.82
BJ17YORD,0.0,1.0
BJ17KBRI,1.0,0.75
BJ17PNWN,1.0,0.75
BJ17WLQT,1.0,0.75
BJ17UVEF,1.0,0.75
BJ17QGDE,1.0,0.75
BJ17TNWD,1.0,0.75
BJ17YJAD,1.0,0.75
BJ17JOEN,1.0,0.75
BJ17WCHB,1.0,0.75
BJ17UKWL,1.0,0.75
BJ17IJDU,1.0,0.75
BJ17CMYR,3.0,0.75
BJ17BUHV,1.0,0.75
BJ17PDAI,1.0,0.75
BJ17WFFD,1.0,0.75
BJ17OGQQ,0.0,1.0
BJ17XAPN,1.0,0.75
BJ17FWPW,1.0,0.75
BJ17VPVN,1.0,0.75
BJ17OODE,1.0,0.75
BJ17CROX,1.0,0.75
BJ17QEAS,1.0,0.75
BJ17MWAV,1.0,0.75
BJ17VGXL,0.0,1.0
BJ17MGEM,1.0,0.75
BJ17SAXY,1.0,0.75
BJ17KBWC,1.0,0.75
BJ17DDHG,1.0,0.75
BJ17WQPQ,1.0,0.75
BJ17NBRR,1.0,0.75
BJ17RVOH,1.0,0.75
BJ17QNKQ,1.0,0.75
BJ17VTML,1.0,0.75
BJ17QBPM,0.0,1.0
LF15PVTT,0.67,0.86
LF15JHHM,0.58,0.86
LF15PWIT,0.63,0.84
LF15CJCD,1.25,0.29
LF15FEVD,0.6,0.73
LF15TQLL,0.78,0.52
LF15HPQA,0.61,0.67
LF15PSSQ,0.69,0.86
LF15ZIHE,0.64,0.71
LF15WKQG,0.94,0.82
LF15TXIQ,0.64,0.73
LF15TTJX,0.63,0.84
LF15QUQZ,0.68,0.71
LF15NCKF,0.0,1.0
LF15ONBU,0.75,0.6
LF15DGJV,0.0,1.0
LF15JRAZ,0.75,0.29
LF15PKTP,1.11,0.43
LF15IDYY,0.6,0.71
LF15UPJQ,0.0,1.0
LF15EZEQ,0.75,0.57
LF15GEKL,0.78,0.43
LF15KUNC,0.58,0.86
LF15WDFA,0.63,0.84
LF15TFCN,0.0,1.0
LF15EZAI,0.68,0.73
LF15UHDW,0.58,0.87
LF15XQDF,0.78,0.43
LF15MDKY,0.75,0.62
LF15KZJO,0.57,1.0
LF15FHEB,0.6,0.71
LF15BGVV,0.64,0.67
LF15QUMO,0.6,0.73
LF15ZXQA,0.68,0.71
LF15NKVR,0.68,1.0
LF15DRTF,1.0,1.0
LF15GROY,1.11,0.48
LF15XUNR,1.0,0.8
LF15QRTJ,0.0,1.0
LF15QSHS,0.88,0.63
LF15MGNQ,0.75,0.29
LF15NMGK,1.0,0.43
LF15HMBD,0.6,0.71
LF15NYGZ,0.58,0.87
LF15CIPC,0.0,1.0
LF15PCDW,0.58,0.86
LF15AOYT,0.78,0.54
LF15TPZB,0.63,0.57
LF15VQIH,0.84,0.71
LF15XRER,0.58,0.86
LF15YLJJ,0.6,0.58
LF15KURV,0.96,0.71
LF15YXXY,0.67,0.39
LF15WVVU,0.58,0.98
LF15KQAI,0.92,0.87
LF15NLPO,0.57,1.0
LF15XWPP,0.58,0.86
LF15EFRH,0.75,0.72
LF15VBAI,0.6,0.71
LF15OWOW,0.58,0.87
LF15KLFF,0.0,1.0
LF15ZCRL,1.0,0.78
LF15YCGL,0.58,0.86
LF15VSIH,0.6,0.92
LF15TYIP,0.92,0.76
LF15DSGL,0.75,0.78
LF15XXKV,0.75,0.83
LF15HZII,0.75,0.65
LF15LFOA,0.67,0.84
LF15RMZI,1.0,0.78
LF15YGVK,1.0,0.91
LF15LPZL,1.44,0.6
LF15NQEZ,0.75,0.78
LF15VRVV,0.75,0.78
LF15OQNN,0.75,0.78
LF15CCQA,0.75,0.78
LF15CGYG,0.68,0.87
LF15LNPN,0.68,0.75
LF15BJXB,0.72,0.92
LF15ERYP,0.0,1.0
LF15BMZS,0.6,0.71
LF15QNIZ,0.0,1.0
LF15BQSH,0.58,0.68
LF15UTIL,1.25,0.3
LF15FAEB,0.57,0.87
LF15IJTB,0.75,0.57
LF15JWZT,0.67,0.6
LF15KZEA,0.83,0.9
LF15MLQT,0.0,1.0
LF15KUTU,0.58,0.86
LF15PXGV,1.4,0.71
LF15BLZD,0.97,0.78
LF15CONX,1.0,0.14
LF15LGXI,0.8,0.71
LF15IHGT,1.06,0.6
LF15IWBB,0.0,1.0
LF15HFYG,0.69,0.87
LF15NATV,1.56,0.53
LF15DFXI,0.75,0.78
LF15SCXO,0.86,1.0
LF15IXXR,1.28,0.86
LF15APLJ,0.75,0.67
LF15HCBH,0.75,0.63
LF16QUFF,1.0,0.75
LF16OMEJ,0.0,1.0
LF16GLWW,1.0,1.0
LF16NPCN,1.0,0.75
LF16KXIK,2.0,0.75
LF16LPIJ,0.0,0.0
LF16CTVI,0.0,1.0
LF16ZEGW,0.0,1.0
LF16FBWR,1.0,0.75
LF16SLJR,0.75,0.86
LF16XFMK,1.0,0.75
LF16JKDC,0.75,1.0
LF16WUTX,1.0,0.75
LF16ZABV,1.0,0.75
LF16LFQJ,1.25,0.86
LF16UAAW,1.0,0.75
LF16QBAJ,1.0,0.75
LF16TFVL,0.0,0.0
LF16DIXP,1.0,0.75
LF16AIST,0.0,0.0
LF16FQZQ,0.0,0.0
LF16DOQA,0.75,0.86
LF16AFUF,1.0,0.75
LF16SEAH,0.75,0.86
LF16JTMY,1.0,0.75
LF16IBPG,0.0,1.0
LF16ROSN,0.0,0.0
LF16DRXI,4.0,0.75
LF16PIIU,2.0,0.41
LF16EZOK,0.75,0.86
LF16MWGX,1.0,0.75
LF16AHYO,0.0,0.0
LF16GPHG,0.0,1.0
LF16GUDL,0.75,0.86
LF16FLII,1.0,0.75
LF16YROK,0.0,1.0
LF16DXXC,0.75,0.86
LF16KYGU,1.0,0.75
LF16YLEB,2.0,0.75
LF16QASW,1.0,0.75
LF16SOBK,1.0,0.75
LF16UXMJ,1.25,0.72
LF16CTYK,2.0,0.75
LF16RZAF,1.25,0.86
LF16OSNV,1.0,0.75
LF16DZXS,1.0,0.75
LF16RRXU,1.0,0.75
LF16BWUH,1.0,0.75
LF16EJTX,1.0,0.75
LF16CVSU,1.0,0.75
LF16JEPQ,1.0,0.86
LF16ALRQ,1.0,0.43
LF16UKUG,1.0,0.75
LF16JIDX,0.0,1.0
LF16JIKM,0.0,1.0
LF16NXWF,1.0,0.75
LF16VWCR,1.0,0.75
LF16DJLX,2.0,0.43
LF16IXJT,1.0,0.75
LF16HSAN,1.75,0.86
LF16CYBS,0.0,1.0
LF16YYWH,1.0,0.75
LF16CZIN,1.0,1.0
LF16IOLK,0.0,1.0
LF16VSDU,0.0,1.0
LF16LPQO,1.0,0.75
LF16DYRO,1.0,0.75
LF16VEST,0.75,0.86
LF16XMBT,0.0,1.0
LF16WYSE,0.0,0.0
LF16MGLV,1.0,0.75
LF16INZS,4.0,0.75
LF16OJTI,1.0,0.75
LF16FGMN,0.0,1.0
LF16PBEX,0.0,1.0
LF16MALE,1.0,0.43
LF16IKTQ,1.0,0.43
LF16LEZM,1.0,0.75
LF16NBEG,1.0,0.75
LF16QAUR,1.0,0.75
LF16VESI,0.0,0.0
LF16HLVL,1.0,0.75
LF16KIXK,1.0,0.75
LF16SHNM,1.0,0.75
LF16URXW,0.0,1.0
LF16VYOG,2.0,0.75
LF16DLMS,0.0,1.0
LF16JLHP,1.0,0.75
LF16ROWT,3.0,0.75
LF16IXFG,0.75,0.86
LF16DCXP,1.0,0.75
LF16DHLM,3.0,0.75
LF16XVDQ,1.0,0.82
LF16XEHY,1.0,0.75
LF16ZFXF,0.0,1.0
LF16IXJK,0.0,1.0
LF16OOUZ,1.0,0.75
LF16UFAV,0.0,0.0
LF16CYMN,1.0,0.75
LF16KDZQ,0.0,0.0
LF17UIFA,1.0,0.41
LF17DNAP,1.0,0.41
LF17YQQB,1.0,0.41
LF17ANMT,2.25,0.82
LF17GHTQ,1.0,0.9
LF17YDWL,2.0,0.82
LF17OFTU,1.0,0.41
LF17NXMB,1.0,0.41
LF17KPLK,1.0,0.41
LF17BNHA,2.0,0.41
LF17QGIJ,1.0,0.41
LF17ZXIB,1.0,0.82
LF17FKKV,1.0,0.41
LF17WQJP,1.0,0.41
LF17PEAE,1.0,0.14
LF17BVZR,1.25,0.82
LF17HMUR,1.0,0.14
LF17TTXX,1.0,0.41
LF17ZXWX,2.0,0.41
LF17USYJ,1.0,0.41
LF17VVPA,1.0,0.41
LF17GOEJ,1.0,0.41
LF17CGDP,1.0,0.41
LF17MLVA,1.0,0.41
LF17ULKZ,1.0,0.41
LF17XXLT,1.0,0.41
LF17SYMC,1.0,0.14
LF17GKTJ,1.0,0.41
LF17ROPE,2.0,0.82
LF17RXZE,0.0,1.0
LF17XBKY,1.5,0.82
LF17CGAF,0.75,0.82
LF17VOWB,1.0,0.41
LF17ZPXH,0.0,1.0
LF17DQHQ,1.25,0.82
LF17ZVTM,2.0,0.41
LF17PYAX,1.0,0.41
LF17MJYA,0.0,1.0
LF17NWXQ,1.0,0.41
LF17JNXC,1.0,0.41
LF17DSOX,0.75,0.82
LF17AOVW,1.0,0.41
LF17ELSS,0.75,0.82
LF17ZZGA,1.0,0.41
LF17MJYX,1.0,0.41
LF17VHZJ,2.0,0.41
LF17DLRS,0.0,1.0
LF17ZJHF,1.75,0.82
LF17EWST,1.0,0.41
LF17ZNIL,1.0,0.41
LF17SYOR,1.0,0.41
LF17FKEA,0.0,1.0
LF17FIFW,0.0,1.0
LF17CNRJ,1.0,0.41
LF17CJDU,1.0,0.41
LF17DPLU,1.0,0.41
LF17ZXDU,1.0,0.41
LF17OEML,1.0,0.39
LF17GNYQ,1.0,0.82
LF17OAFR,0.0,1.0
LF17PVYN,1.0,0.41
LF17SYNM,0.0,1.0
LF17KSTU,2.0,0.82
LF17EDQU,0.75,0.82
LF17YYCI,1.0,0.41
LF17JQKR,1.0,0.41
LF17VBSH,1.0,0.41
LF17KWAT,1.0,0.41
LF17QEXE,1.0,0.41
LF17WAKA,1.0,0.41
LF17CHIG,1.0,0.41
LF17KABA,1.0,0.39
LF17WJGT,1.0,0.41
LF17YXDF,1.75,0.82
LF17QBXQ,1.0,0.41
LF17DEUP,2.5,0.82
LF17QYCV,1.0,0.41
LF17KULP,1.0,0.41
LF17WPET,1.0,0.41
LF17SJWL,1.0,0.41
LF17DWDA,1.0,0.41
LF17NOEE,1.0,0.41
LF17JDAW,1.0,0.41
LF17WRGC,1.0,0.41
LF17XVAB,1.0,0.41
LF17KJSE,1.0,0.41
LF17FVGT,1.0,0.41
LF17XQSJ,1.0,0.41
LF17ZLIH,1.0,0.41
LF17VNVQ,1.5,0.82
LF17IBUL,1.0,0.41
LF17NYLG,0.0,1.0
LF17DAAP,0.0,1.0
LF17GXST,1.75,0.82
LF17UWPB,1.0,0.41
LF17LGXQ,0.0,1.0
LF17HWKS,1.0,0.41
LF17WJIQ,1.0,0.41
DS15KUGD,0.78,0.71
DS15SGJN,1.75,0.47
DS15CRSM,0.75,0.95
DS15GNSK,1.25,0.47
DS15WJAD,1.0,0.96
DS15RSUK,1.0,0.47
DS15FDWB,1.11,0.71
DS15TRGS,1.25,0.47
DS15MDUU,1.33,0.71
DS15JLLE,0.67,0.71
DS15ONVT,1.5,0.47
DS15USRT,1.5,0.47
DS15ULAL,0.67,0.71
DS15RWNB,1.0,0.45
DS15BJOO,0.0,1.0
DS15IZZH,1.0,0.47
DS15HDMG,0.67,0.71
DS15QNUG,0.63,0.95
DS15UBJE,1.11,0.71
DS15VOFN,0.0,1.0
DS15WBOU,0.76,0.8
DS15UTKG,1.0,0.74
DS15QRLZ,0.0,1.0
DS15NWBJ,0.67,0.74
DS15XQSE,1.0,0.97
DS15JPJR,1.11,0.71
DS15FTNZ,0.67,0.71
DS15IKKH,0.75,0.47
DS15SORA,1.11,0.79
DS15IFGB,1.5,0.47
DS15XATG,0.75,0.95
DS15TRRZ,0.0,1.0
DS15OLSF,1.25,0.47
DS15RYUH,0.78,0.71
DS15YFYH,0.89,0.79
DS15GOXF,0.67,0.74
DS15YBJA,0.67,0.96
DS15JMHC,1.11,0.79
DS15KQEH,0.78,0.71
DS15QIBZ,0.78,0.93
DS15EHLF,0.69,0.95
DS15XDQG,0.88,0.95
DS15DDCI,1.0,0.71
DS15XCTJ,0.75,0.63
DS15UOWA,0.75,0.47
DS15ZXHB,0.0,1.0
DS15WSMW,0.94,0.95
DS15ADMY,0.67,0.71
DS15MDAA,0.67,0.74
DS15HEAK,1.33,0.71
DS15GPEE,0.89,0.74
DS15PWOQ,1.11,0.71
DS15WAMQ,0.67,0.71
DS15QOIL,1.75,0.47
DS15YQNS,0.89,0.71
DS15KHMZ,0.67,0.74
DS15UZMA,0.69,0.95
DS15RTRF,0.89,0.48
DS15BFXE,0.75,0.62
DS15SJKF,0.63,0.95
DS15VLGN,0.89,0.82
DS15ZBQO,0.63,0.95
DS15WAVF,0.75,0.47
DS15DZDZ,1.25,0.47
DS15STNH,0.67,0.71
DS15GAOX,0.75,0.47
DS15UXWA,1.0,0.47
DS15KVRR,0.0,1.0
DS15SFIQ,0.81,0.95
DS15ESHW,0.88,0.95
DS15HWEX,0.89,0.71
DS15ZWUJ,0.0,1.0
DS15VFMD,0.67,0.71
DS15RWTY,0.67,0.71
DS15FLSJ,0.67,0.96
DS15XRKZ,0.67,0.96
DS15UWZC,0.78,0.71
DS15RFLV,1.06,0.95
DS15JYTW,0.89,0.71
DS15PMPI,0.0,1.0
DS15XTRP,1.0,0.79
DS15EONI,0.75,0.47
DS15MJZI,0.89,0.71
DS15QPZQ,0.67,0.96
DS15BQFO,1.0,0.71
DS15WVZN,0.63,0.95
DS15PHKQ,1.0,0.24
DS15IXAU,0.0,1.0
DS15NAOZ,0.0,1.0
DS15OEGP,0.0,1.0
DS15SBPT,0.0,1.0
DS15PYZH,1.11,0.56
DS15AMCX,1.0,0.9
DS15XXEQ,0.89,0.71
DS15WROL,0.0,1.0
DS15OKHF,0.89,0.79
DS16XFVC,0.75,0.29
DS16CBYA,2.0,0.38
DS16MXZB,0.0,1.0
DS16YXPI,0.75,0.83
DS16FLXP,3.0,0.38
DS16BQYC,0.0,1.0
DS16AQKD,1.5,0.75
DS16DMIP,2.0,0.64
DS16XNOT,0.75,0.55
DS16AHCE,0.75,0.55
DS16MRKY,1.0,0.64
DS16EFPD,0.75,0.55
DS16JLHV,1.25,0.55
DS16DINN,1.25,0.55
DS16IDDO,1.0,0.55
DS16LZJK,1.25,0.55
DS16ABJK,0.67,1.0
DS16ZZHR,0.75,0.29
DS16MENV,1.0,0.38
DS16OFMW,0.75,0.75
DS16UXMK,0.75,0.75
DS16VFBC,1.0,0.55
DS16VHHW,0.75,0.55
DS16XAIC,1.25,0.61
DS16DMLK,1.0,0.36
DS16GIRM,0.75,0.63
DS16HMIP,0.75,0.75
DS16HOVQ,0.75,0.55
DS16KXKV,1.0,0.75
DS16NWWB,0.78,0.82
DS16RVXZ,0.75,0.55
DS16WLCS,3.0,0.38
DS16AOSF,1.25,0.75
DS16EHSY,0.0,1.0
DS16XSWN,1.0,0.75
DS16AMXW,1.0,0.64
DS16EQTV,1.0,0.83
DS16HQZJ,1.25,0.29
DS16BBJW,1.25,0.33
DS16ROIG,1.0,0.38
DS16EYAM,1.25,0.75
DS16QPGZ,1.25,0.29
DS16YQFF,0.78,0.82
DS16TMHD,1.0,0.38
DS16JXKV,0.67,0.94
DS16GOCN,1.0,0.55
DS16TDXI,1.0,0.82
DS16ZBUA,0.75,0.55
DS16BDAB,0.75,0.75
DS16HORZ,1.22,0.82
DS16VOGD,2.0,0.64
DS16MYUW,0.75,0.75
DS16LHNO,0.75,0.75
DS16RESY,1.0,0.55
DS16DWSB,0.75,0.55
DS16NQPW,1.0,0.38
DS16KLKM,0.75,0.88
DS16YGJF,0.75,0.83
DS16JTRJ,1.0,0.46
DS16YQGL,1.25,0.29
DS16CSGQ,1.25,0.64
DS16LUCH,0.75,0.55
DS16ASYC,1.0,0.38
DS16SLRZ,0.75,0.75
DS16RWXR,0.75,0.55
DS16SAJS,1.25,0.64
DS16WJOW,0.75,0.75
DS16MCSG,1.0,0.64
DS16JEUM,1.0,0.88
DS16XIRF,1.0,0.38
DS16OHEX,0.0,1.0
DS16UVGQ,1.11,0.82
DS16JQCY,0.75,0.55
DS16VCEG,1.0,0.64
DS16CCAC,0.67,0.82
DS16UZIS,0.75,0.75
DS16PZLQ,1.0,0.75
DS16CBZT,1.25,0.55
DS16QFNP,0.0,1.0
DS16USSU,0.0,1.0
DS16DVEI,0.67,0.82
DS16SZUP,1.75,0.55
DS16PUPF,1.5,0.55
DS16SQTV,0.75,0.75
DS16BADK,0.75,0.83
DS16XQUZ,1.0,0.75
DS16XZIC,0.67,0.82
DS16RRSC,1.0,0.38
DS16IBAC,0.78,0.82
DS16IUMM,2.0,0.46
DS16LYVN,0.75,0.75
DS17XBZX,0.0,1.0
DS17XZYF,1.0,0.64
DS17UIKA,0.75,0.64
DS17YMPV,0.75,0.64
DS17KLMS,1.0,0.32
DS17NLVE,0.75,0.64
DS17SACP,0.75,0.64
DS17JUVF,0.75,0.64
DS17HRTY,1.0,0.64
DS17PNUZ,0.75,0.64
DS17HGHY,0.0,1.0
DS17UTYA,1.0,0.64
DS17RJVO,1.0,0.64
DS17ZWWV,1.0,0.64
DS17PLRG,0.75,0.64
DS17NAVC,0.75,0.64
DS17VQXG,0.75,0.64
DS17AXGO,0.75,0.64
DS17PPKW,0.75,0.64
DS17ZKBR,1.0,0.64
DS17TYOS,1.0,0.32
DS17PBPW,1.0,0.64
DS17GQGE,1.0,0.64
DS17VTBV,1.0,0.64
DS17GHTO,1.0,0.64
DS17FPTI,0.75,0.95
DS17CNGC,1.0,0.64
DS17CYOE,0.75,0.64
DS17UZQX,0.75,0.64
DS17VJFC,0.75,0.64
DS17TPIL,0.75,0.64
DS17RJJO,0.75,0.64
DS17UXDG,1.0,0.64
DS17OCLN,0.75,0.95
DS17VJJO,0.75,0.64
DS17CZCU,1.0,0.64
DS17PDRH,1.0,0.64
DS17JXUZ,1.0,0.64
DS17OCKY,1.0,0.64
DS17CIHI,0.67,0.96
DS17DPZB,1.0,0.32
DS17VQPE,0.75,0.64
DS17HBSU,0.75,0.64
DS17BGWM,0.0,1.0
DS17QYRO,0.75,0.64
DS17LONP,0.75,0.64
DS17DXHA,0.75,0.64
DS17HUSK,1.0,0.64
DS17ZQEU,1.0,0.64
DS17XQUL,1.0,0.64
DS17FLSK,1.25,0.64
DS17OSXD,0.75,0.64
DS17QZHI,0.75,0.64
DS17PBBK,1.0,0.29
DS17SKLA,1.0,0.29
DS17YGEB,1.25,0.95
DS17XKXX,0.75,0.64
DS17JHXV,0.75,0.64
DS17QRNS,0.75,0.95
DS17MVDZ,0.75,0.64
DS17GNOY,0.75,0.64
DS17TDSF,0.75,0.95
DS17XSHY,0.75,0.64
DS17EAOW,1.0,0.64
DS17HYHZ,0.75,0.64
DS17HCVI,1.0,0.64
DS17HYGR,1.0,0.64
DS17QKBB,0.0,1.0
DS17WYHO,0.75,0.64
DS17HXHW,0.75,0.95
DS17YMLB,1.0,0.64
DS17KFYE,0.75,0.95
DS17ZIFN,0.75,0.64
DS17ILPP,1.0,0.64
DS17UQQB,0.0,1.0
DS17OEKM,1.0,0.5
DS17OSWU,1.0,0.95
DS17DFKM,0.75,0.64
DS17EYKC,0.75,0.64
DS17MGGV,1.0,0.64
DS17UVGT,0.75,0.64
DS17LVFM,0.75,0.64
DS17WYFQ,1.5,0.95
DS17ZPYG,1.0,0.5
DS17JPHS,0.0,1.0
DS17QOXD,1.25,0.95
DS17GDFE,1.0,0.64
DS17BSLP,0.75,0.64
DS17RTPB,0.75,0.64
DS17CNCW,1.0,0.64
DS17RZDI,1.0,0.64
DS17ZIHY,0.0,1.0
DS17NBOF,0.75,0.64
DS17WIFA,1.0,0.64
DS17NIEM,0.0,1.0
DS17HOEE,0.75,0.64
DS17YOWV,0.75,0.72
DS17DGUG,1.5,0.64
XM15XNWO,0.6,0.9
XM15OHDA,0.81,0.71
XM15QTKH,0.69,0.76
XM15YMSN,0.72,0.81
XM15ANFT,0.96,0.86
XM15XDXG,1.64,0.86
XM15NOAE,1.2,0.9
XM15NJFN,0.84,0.9
XM15VJXM,0.92,0.86
XM15XJVJ,0.64,1.0
XM15SEOP,1.48,1.0
XM15LWXU,0.96,0.81
XM15AQTS,0.84,0.81
XM15ZPVQ,1.44,0.67
XM15KTKS,0.89,0.83
XM15JKSI,1.08,0.86
XM15FZAH,0.0,1.0
XM15ATBG,0.63,0.76
XM15RZDW,0.67,0.79
XM15PXDP,1.6,0.9
XM15TTOR,0.0,1.0
XM15PTVQ,0.88,0.9
XM15SHVL,0.69,0.71
XM15BPRS,0.68,0.89
XM15FHVP,0.72,0.81
XM15BXJJ,1.0,0.32
XM15TCCQ,0.88,0.76
XM15NXQQ,0.89,0.97
XM15UGVL,1.0,0.81
XM15OKAX,0.6,0.9
XM15IDTI,1.04,0.86
XM15RKMD,0.72,0.95
XM15MWXU,0.68,0.9
XM15ZSHA,0.63,0.67
XM15FYYQ,0.72,0.95
XM15XOZW,0.72,0.86
XM15MNIF,1.0,0.95
XM15YRGO,1.0,0.83
XM15GIAD,0.69,0.81
XM15NZGN,1.0,0.81
XM15HXEX,0.89,0.71
XM15ISYH,0.76,0.95
XM15NALJ,0.84,0.86
XM15ZPPC,0.6,0.89
XM15QUEF,0.0,1.0
XM15RBZJ,0.88,0.59
XM15SCXT,0.76,0.95
XM15YGSX,0.6,0.74
XM15GWNX,0.67,0.85
XM15LWIU,0.68,0.9
XM15MMPX,0.64,1.0
XM15GSGI,0.64,0.7
XM15EBTZ,0.68,0.86
XM15KFLO,0.78,0.85
XM15HSLU,0.67,0.9
XM15UFRA,0.8,0.86
XM15PLJM,0.81,0.81
XM15FVJV,0.75,0.78
XM15VIAW,0.6,0.9
XM15NELO,0.96,0.86
XM15SIUI,0.6,0.7
XM16CEWC,1.0,0.88
XM16EEET,1.0,0.5
XM16HJHC,1.0,0.86
XM16POZM,1.0,0.5
XM16GGDV,1.0,0.5
XM16QQWU,1.0,0.63
XM16XFHE,1.0,0.63
XM16VSJW,0.75,0.88
XM16LKSL,1.0,0.5
XM16SVNF,1.0,0.5
XM16GNSZ,0.75,1.0
XM16INPN,0.75,0.88
XM16UFYB,0.75,0.88
XM16NIKV,0.0,1.0
XM16OQKP,1.0,0.86
XM16AEWE,1.0,0.63
XM16WXLQ,1.0,0.88
XM16WNDH,1.0,0.5
XM16TJNZ,2.0,0.5
XM16GXDM,0.75,0.88
XM16QGOM,1.0,0.63
XM16KZVQ,1.0,0.63
XM16JMUT,0.75,0.75
XM16CEXQ,0.75,1.0
XM16PIPT,1.0,0.5
XM16XHZG,1.0,0.5
XM16EHQV,0.0,1.0
XM16HCHI,0.75,0.88
XM16NXBO,0.75,1.0
XM16BBLL,0.75,1.0
XM16YQBI,1.0,0.88
XM16OWKQ,1.0,0.63
XM16RNBA,1.0,0.63
XM16SLSG,2.0,0.5
XM16HSNC,1.0,0.5
XM16VHRD,0.75,0.88
XM16GYHA,0.0,1.0
XM16RTDQ,1.0,0.63
XM16UABZ,1.0,0.5
XM16EPCN,0.0,1.0
XM16LSKB,0.0,1.0
XM16UTMD,1.0,0.8
XM16DAUY,1.0,0.63
XM16XJRE,1.0,0.63
XM16TXLG,1.0,0.63
XM16CYFW,1.0,0.63
XM16VDRI,1.0,0.63
XM16IRQM,1.0,0.5
XM16UVMS,0.89,0.92
XM16BODA,1.0,0.86
XM16RUOI,0.0,1.0
XM16XNKU,2.0,0.5
XM16VKLV,0.75,1.0
XM16MNNM,1.0,0.63
XM16KBSU,1.0,0.63
XM16RGZH,0.75,1.0
XM16RICN,1.0,0.63
XM16OWKJ,1.0,0.24
XM16NGEP,0.75,1.0
XM16JGAK,1.0,0.63
XM16HNTH,0.75,0.88
XM16HFXZ,1.25,1.0
XM17RFMA,1.0,0.72
XM17KYTN,1.25,0.72
XM17HLCC,0.75,0.72
XM17EBJZ,1.0,0.72
XM17QHMN,1.0,0.72
XM17UYBO,1.0,0.72
XM17HKJC,1.0,0.84
XM17AUZP,1.0,0.72
XM17XUUB,1.0,0.72
XM17MNCN,1.0,0.72
XM17NODZ,1.0,0.72
XM17YMVU,1.0,0.72
XM17DWTX,1.0,0.72
XM17ZHGT,1.0,0.72
XM17WLJO,1.0,0.72
XM17LCIJ,1.0,0.72
XM17RVDS,1.0,0.72
XM17MHCN,1.25,0.72
XM17MVRN,1.0,0.84
XM17IDPT,0.75,0.72
XM17ISLC,1.0,0.72
XM17BLGY,1.25,0.72
XM17SZXY,1.0,0.84
XM17DMMW,1.0,0.72
XM17COJP,1.0,0.72
XM17KYKP,1.0,0.84
XM17VXAK,1.0,0.36
XM17MDBT,1.0,0.84
XM17STRJ,0.75,0.72
XM17SWRO,1.0,0.84
XM17FWGE,1.0,0.84
XM17XAAS,1.25,0.72
XM17QTUY,1.0,0.72
XM17YQEG,1.0,0.72
XM17AWUL,0.75,0.76
XM17LUBZ,1.0,0.72
XM17QHDZ,1.25,0.72
XM17VQGO,0.75,0.72
XM17EHAE,1.0,0.36
XM17ZNPP,1.0,0.84
XM17XGDT,1.0,0.72
XM17XFZR,1.0,0.72
XM17MGAR,1.0,0.56
XM17JEFR,0.75,0.84
XM17JLWO,1.0,0.36
XM17OMDG,0.75,0.72
XM17MDXU,0.75,0.72
XM17VFUX,1.0,0.72
XM17RCMW,1.0,0.72
XM17WKMY,0.75,0.72
XM17MGVP,1.0,0.72
XM17EREY,1.0,0.36
XM17PHTC,1.0,0.72
XM17VPSN,1.25,0.76
XM17LMSS,1.25,0.76
XM17MJWC,1.0,0.72
XM17RUVQ,1.0,0.84
XM17VXNX,1.0,0.36
XM17OLON,1.0,0.36
XM17HBDN,1.0,0.72
XM17YOUJ,1.25,0.72
XM17SZBZ,2.0,0.72
XM17EWQX,1.0,0.6
UF15ABJL,0.63,0.57
UF15WTMU,0.0,1.0
UF15WDSW,1.5,0.5
UF15AIEV,0.0,1.0
UF15CKRF,0.69,0.96
UF15WGZM,0.63,0.82
UF15OEEG,0.64,0.78
UF15RUDM,0.67,0.64
UF15FTCB,0.81,0.88
UF15UIXU,0.63,0.86
UF15HINI,0.67,0.44
UF15GSXR,1.0,0.95
UF15SACL,0.67,0.77
UF15DCFR,0.69,0.86
UF15UNCA,0.75,0.67
UF15GHSM,1.06,0.57
UF15QPIS,0.89,0.33
UF15EXZR,0.63,0.8
UF15RGTE,0.88,0.8
UF15WJWE,0.63,0.7
UF15XQXW,0.88,0.8
UF15CDBG,1.25,0.49
UF15SBWC,1.22,0.72
UF15OSVM,2.0,0.35
UF15CDXM,0.75,0.8
UF15KWLS,0.67,0.71
UF15MPOX,0.75,0.43
UF15DCNU,0.94,0.79
UF15FJHW,0.75,0.67
UF15EXMF,0.94,0.82
UF15VBYU,0.75,0.59
UF15RYOI,0.67,1.0
UF15OKTJ,0.75,0.85
UF15KJVB,1.11,0.71
UF15USLW,0.63,0.87
UF15BGCQ,1.0,0.33
UF15GYNF,1.0,0.53
UF15FLHQ,0.67,0.64
UF15RTAJ,0.94,0.88
UF15HOPF,0.75,0.8
UF15QTBK,0.88,0.8
UF15TRWJ,0.63,0.86
UF15PLTP,0.81,0.88
UF15IVQS,0.0,0.0
UF15HIRN,1.0,0.77
UF15OSSW,0.75,0.8
UF15SKFX,0.67,0.82
UF15TSFK,0.63,0.6
UF15LNAC,1.22,0.64
UF15PDZP,1.11,0.71
UF15IRVC,0.81,0.88
UF15USSD,0.0,1.0
UF15XUVZ,0.67,0.67
UF15EJIG,1.11,0.64
UF16VRMG,1.0,0.64
UF16WKIH,2.0,0.82
UF16FTNM,1.0,0.82
UF16PIGC,0.0,0.0
UF16SKKM,2.0,0.64
UF16HQRE,1.0,0.64
UF16YEXU,0.0,0.0
UF16HXDU,0.75,0.93
UF16TWEZ,0.0,0.0
UF16GHNE,1.0,0.82
UF16QJNL,0.75,0.29
UF16SKQH,1.0,0.64
UF16EWNB,1.0,0.82
UF16ADWD,1.0,0.64
UF16NEWY,1.0,0.45
UF16HGGB,2.0,0.64
UF16FKRU,1.0,0.64
UF16ZUNN,1.0,0.82
UF16KFIB,1.0,0.64
UF16WRGW,1.5,0.29
UF16CREO,0.0,1.0
UF16TLNK,0.0,0.0
UF16MMTO,1.0,0.64
UF16SDXE,3.0,0.64
UF16IYTR,2.0,0.64
UF16IMMI,1.0,0.64
UF16AZOF,0.0,1.0
UF16JGQM,1.0,0.82
UF16BYVF,1.0,0.64
UF16XZIA,1.0,0.64
UF16KNJO,2.0,0.39
UF16AEXM,0.67,0.84
UF16TINB,0.0,0.0
UF16LEZQ,1.0,0.64
UF16OMNX,1.0,0.64
UF16EWIB,1.0,0.82
UF16SUIS,0.0,1.0
UF16BDMB,0.0,1.0
UF16FEAL,2.0,0.64
UF16UDGJ,0.0,0.0
UF16DYPH,0.0,1.0
UF16LLSV,2.0,0.82
UF16SFDX,1.0,0.82
UF16RDQJ,0.0,1.0
UF16QWUH,0.0,1.0
UF16XMFJ,1.0,0.82
UF16XEQM,1.0,0.82
UF16KCOV,1.0,0.82
UF16JMOE,1.0,0.64
UF16WYVQ,1.0,0.82
UF16BJOH,0.0,0.0
UF16OUFM,1.0,0.82
UF16ECVS,0.0,1.0
UF16FCKQ,1.0,0.64
UF16PFOS,1.0,0.82
UF16ZAXO,1.0,0.39
UF16TELD,2.0,0.64
UF17EYFA,0.0,1.0
UF17OYRI,0.0,1.0
UF17FYQD,0.0,1.0
UF17DDUQ,0.0,1.0
UF17VNKM,0.0,1.0
UF17HATX,0.0,1.0
UF17DXIS,0.0,1.0
UF17HDZA,0.0,1.0
UF17FOWY,0.0,1.0
UF17NJOK,0.0,1.0
UF17RXRB,0.0,1.0
UF17IHGP,0.0,1.0
UF17XGCY,0.0,1.0
UF17RUUX,0.0,1.0
UF17ITHI,0.0,1.0
UF17CHQP,0.0,1.0
UF17VKYZ,0.0,1.0
UF17INCO,0.0,1.0
UF17JVEX,0.0,1.0
UF17DLQW,0.0,1.0
UF17JFSR,0.0,1.0
UF17PHPW,0.0,1.0
UF17LQYY,0.0,1.0
UF17IPHV,0.0,1.0
UF17GPWQ,0.0,1.0
UF17NXTY,0.0,1.0
UF17EUCO,0.0,1.0
UF17NJNS,0.0,1.0
UF17DMKT,0.0,1.0
UF17QXCC,0.0,1.0
UF17NGMC,0.0,1.0
UF17GNQW,0.0,1.0
UF17SSGU,0.0,1.0
UF17YMQO,0.0,1.0
UF17HUAP,0.0,1.0
UF17IHWN,0.0,1.0
UF17HISA,0.0,1.0
UF17VRIZ,0.0,1.0
UF17HDXQ,0.0,1.0
UF17FXXN,0.0,1.0
UF17GXVK,0.0,1.0
UF17CWEY,0.0,1.0
UF17OAZG,0.0,1.0
UF17ZYRV,0.0,1.0
UF17YCMC,0.0,1.0
UF17DOHL,0.0,1.0
UF17ZGEX,0.0,1.0
UF17LXKP,0.0,1.0
UF17JVBM,0.0,1.0
UF17FVZS,0.0,1.0
UF17EPFN,0.0,1.0
UF17HDPI,0.0,1.0
UF17HAWT,0.0,1.0
UF17VTZP,0.0,1.0
UF17RMKJ,0.0,1.0
UF17SDZG,0.0,1.0
UF17HGAH,0.0,1.0
SF15DDHI,0.63,0.73
SF15COUQ,0.63,0.68
SF15YRDI,1.0,0.44
SF15SBDX,0.88,0.63
SF15XVVB,0.92,0.78
SF15EBLD,0.67,0.54
SF15PCUI,0.81,0.6
SF15MASD,0.81,0.63
SF15GFJB,0.81,0.59
SF15AUHI,0.63,0.63
SF15EHEL,0.89,0.44
SF15TDQH,1.08,0.79
SF15AVMP,0.0,1.0
SF15ORKE,0.67,0.63
SF15CUCW,0.81,0.63
SF15TYYH,0.83,0.98
SF15WUXF,0.75,0.59
SF15SFVX,0.67,0.54
SF15TTPF,0.75,0.32
SF15DGAW,0.72,0.83
SF15YGOX,0.69,0.63
SF15VNII,0.96,0.78
SF15JGHD,0.0,1.0
SF15CVFX,0.67,0.54
SF15ULQP,0.88,0.5
SF15YOXP,1.56,0.43
SF15VLCK,0.64,0.87
SF15ECYN,1.0,0.68
SF15UGYL,0.6,0.78
SF15KWDE,1.06,0.68
SF15XFUH,0.8,0.78
SF15XZTL,1.11,0.49
SF15MXCJ,1.25,0.62
SF15VPRK,1.14,0.9
SF15BRYF,0.63,0.67
SF15TOSL,0.94,0.63
SF15GQMK,0.81,0.57
SF15YUMM,0.64,0.79
SF15DJVT,1.0,0.49
SF15BOUH,0.67,0.43
SF15CNHQ,0.63,0.73
SF15QFUZ,0.75,0.68
SF15EYGK,0.76,0.79
SF15UYZI,0.76,0.86
SF15FBJS,0.78,0.95
SF15JFGL,1.11,0.9
SF15JSGQ,0.75,0.27
SF15TCEZ,0.69,0.63
SF15TFFF,1.0,0.78
SF15FDPC,1.08,0.81
SF15RYAH,0.81,0.68
SF15VKIK,1.22,0.52
SF15SBFN,0.63,0.63
SF15MBFH,0.81,0.68
SF15YXRL,0.88,0.68
SF15SMUW,0.68,0.86
SF15ZTCN,0.6,0.87
SF15DJKO,0.81,0.62
SF15FANN,0.92,0.79
SF15YWTK,1.11,0.49
SF15BEAD,0.69,0.52
SF15WPLP,0.64,0.75
SF15NYTZ,0.75,0.63
SF15BJAF,0.63,0.78
SF15AKAP,1.11,0.44
SF15BPLL,0.69,0.98
SF15FKIV,0.67,0.44
SF15CTFP,0.72,0.93
SF15EHUB,0.88,0.87
SF15GTRJ,0.0,1.0
SF15CXUD,0.64,0.78
SF15ENJO,0.67,0.54
SF15ATBT,0.75,0.53
SF15TBLG,0.75,0.67
SF15JYZU,0.75,0.65
SF15OXNA,0.72,0.76
SF15IYBI,0.63,0.63
SF15BQOV,1.08,0.68
SF15MZEQ,0.58,0.98
SF15VGNS,1.0,0.65
SF15PORA,0.61,0.97
SF15NVNQ,0.68,0.83
SF15XGPE,0.88,0.83
SF15LGEY,1.25,0.33
SF15PTMX,1.44,0.52
SF15XAYN,0.68,0.76
SF15KLPI,0.88,0.62
SF15FEJZ,0.76,0.84
SF15ADVK,0.75,0.7
SF15UJCM,0.0,1.0
SF15DSUI,0.6,0.79
SF15SDSQ,0.72,0.84
SF15HJZQ,0.69,0.76
SF15SQVS,0.69,0.69
SF15PWOK,1.0,0.84
SF15WVUQ,0.76,0.84
SF15SZSP,1.19,0.62
SF15GCIZ,0.75,0.63
SF15KBCV,0.76,0.79
SF15ACWO,0.78,0.4
SF15QIUF,0.96,0.78
SF15PPNC,0.76,0.79
SF15QAYT,0.88,0.72
SF15VZHU,1.0,0.62
SF15TVSW,0.67,0.48
SF15WXBZ,0.94,0.61
SF15ASZF,1.0,0.52
SF15WITY,0.78,0.67
SF15KTKD,0.6,0.87
SF15OHFS,1.11,0.46
SF15DDOT,0.67,0.49
SF15AKSF,0.94,0.67
SF15SPHX,1.06,0.63
SF15QNEO,1.13,0.65
SF15KKLW,1.44,0.38
SF15QXWC,1.0,0.6
SF15WWOE,1.0,0.27
SF15OETS,0.75,0.6
SF15RUTC,0.69,0.65
SF15AVZY,0.0,1.0
SF15UANN,1.22,0.52
SF15JKEL,0.78,0.33
SF15AZNK,1.0,0.52
SF15PKXW,1.22,0.79
SF15VNFO,1.11,0.49
SF15PYJH,1.44,0.37
SF15WBRW,1.11,0.48
SF15OROD,1.25,0.25
SF15ICJW,1.22,0.52
SF15KYAX,0.89,0.33
SF15NPJM,0.6,0.86
SF15DUDG,0.89,0.67
SF15IENN,0.96,0.87
SF16YHGN,0.89,0.66
SF16FDVB,1.0,0.43
SF16MPAA,0.0,1.0
SF16GSZM,0.78,0.64
SF16MLZQ,0.67,0.83
SF16BNVY,0.67,0.68
SF16FUOK,0.89,0.89
SF16BCGZ,0.67,0.89
SF16MEWD,0.67,0.83
SF16HAPJ,0.67,0.91
SF16WSQA,0.0,1.0
SF16BJMV,0.67,0.86
SF16BMUD,0.67,0.83
SF16OFHY,0.67,0.91
SF16BCWY,1.11,0.71
SF16BTRU,0.75,0.63
SF16VKCU,0.67,0.83
SF16SGEX,0.67,0.86
SF16CBJV,0.75,0.57
SF16AQGZ,0.67,0.83
SF16VTTB,0.67,0.66
SF16AUVZ,0.75,0.57
SF16YNWZ,1.0,0.57
SF16PBEV,0.75,0.54
SF16IXMZ,0.89,0.73
SF16SOJB,0.67,0.66
SF16YFOL,0.67,0.66
SF16AJLH,0.75,0.54
SF16VBRY,0.67,0.91
SF16YUQS,0.75,0.57
SF16KMZJ,1.0,0.48
SF16FCPQ,0.67,0.66
SF16NBWN,0.75,0.6
SF16KIKC,0.78,0.66
SF16WCVG,0.78,0.83
SF16AOGW,0.78,0.73
SF16VYOW,0.78,0.83
SF16PHBM,0.75,0.79
SF16JUQF,0.67,0.7
SF16SJRH,0.75,0.48
SF16ICAM,0.78,0.66
SF16IOVS,0.75,0.5
SF16NVDD,0.67,0.86
SF16KNTE,1.0,0.45
SF16NBIV,0.67,0.86
SF16VAXE,0.67,0.7
SF16OERU,0.67,0.89
SF16TRBE,0.67,0.83
SF16XCZP,0.75,0.6
SF16NGOV,0.78,0.8
SF16HWIJ,0.67,0.89
SF16QXAF,1.0,0.36
SF16ABVL,1.25,0.63
SF16LQNQ,0.67,0.86
SF16RDGK,0.75,1.0
SF16MZAN,0.75,0.63
SF16GKMX,0.67,0.86
SF16XIZM,0.75,0.43
SF16GWFJ,0.67,0.89
SF16SAIX,1.11,0.77
SF16YNJJ,1.44,0.68
SF16JTNW,0.67,0.83
SF16COVU,0.78,0.64
SF16MIJS,1.75,0.41
SF16CFGB,1.19,0.95
SF16IRQI,1.0,0.84
SF16VTFC,0.67,0.86
SF16XFLU,0.78,0.7
SF16JJSM,1.0,0.84
SF16MPBK,1.25,0.5
SF16IQVU,0.89,0.89
SF16JSTH,0.81,0.91
SF16VGHL,1.25,0.72
SF16AVNT,0.89,0.83
SF16UWNA,0.67,0.8
SF16PSWY,1.25,0.45
SF16MURB,1.0,0.7
SF16AJZM,0.75,0.5
SF16FJLM,0.89,0.77
SF16BEZJ,0.67,0.83
SF16SFZO,0.89,0.77
SF16LVWU,0.0,1.0
SF16QVWT,0.75,0.54
SF16OBHX,0.67,0.68
SF16GBFI,0.0,1.0
SF16MUUN,0.75,0.54
SF16IWSX,1.0,0.42
SF16NEFO,0.67,0.83
SF16JOLU,1.25,0.43
SF16OPNJ,1.25,0.57
SF16SXZA,1.0,0.55
SF16UQFI,1.25,0.43
SF16PUHH,1.25,0.63
SF16OHRV,0.75,0.54
SF16EDWR,0.78,0.8
SF16LKCF,1.25,0.54
SF16MIPI,1.25,0.63
SF16HSQT,1.0,0.41
SF16KNYI,0.75,0.51
SF16WVUY,0.67,0.7
SF16YPAF,0.75,0.54
SF16RBWM,0.75,0.63
SF16OFRA,0.88,0.89
SF16THCE,1.0,0.54
SF16VYJG,1.0,0.83
SF16SFZW,0.75,0.92
SF16BFDB,1.0,0.5
SF16KVEH,0.67,0.8
SF16AQGS,1.0,0.35
SF16JVXW,0.75,0.79
SF16ETAI,1.11,0.66
SF16QPDA,0.67,0.89
SF16BFXH,0.67,0.86
SF16OTFZ,1.11,0.68
SF16DRNY,1.0,0.55
SF16PCDK,0.78,0.68
SF16QZWD,1.25,0.43
SF16ZCPJ,0.89,0.75
SF16KQLS,1.5,0.63
SF16NIXV,1.0,0.66
SF16EALT,1.25,0.57
SF16ZDET,0.67,0.89
SF16OJMX,0.75,0.57
SF16VZYJ,0.75,0.63
SF16YLKF,1.0,0.83
SF16LMSX,0.0,1.0
SF16XVAA,1.25,0.63
SF16ELTG,0.67,0.83
SF16OQUF,1.0,0.86
SF16DKWF,0.75,0.54
SF16XVLA,1.25,0.57
SF17HLKU,1.25,0.6
SF17CHJW,1.25,0.63
SF17DTCM,1.0,0.6
SF17JKHS,0.75,0.6
SF17LJAS,1.25,0.6
SF17VAIX,1.0,0.6
SF17FGTZ,2.5,0.6
SF17XPEL,1.0,0.6
SF17WHQD,1.25,0.6
SF17DATI,1.33,0.9
SF17MLAD,0.75,0.6
SF17FZUH,0.89,0.93
SF17ICSO,0.75,0.6
SF17PDHY,0.89,1.0
SF17ULVJ,0.75,0.6
SF17KFKR,1.25,0.6
SF17OXOG,0.75,0.6
SF17KGYO,0.89,0.9
SF17CXMN,2.5,0.6
SF17EIZM,1.0,0.3
SF17LMGD,1.0,0.5
SF17DAQQ,2.5,0.6
SF17PVWE,1.25,0.86
SF17OIRE,1.25,0.86
SF17VRNZ,1.0,0.3
SF17CKQX,1.25,0.6
SF17JWKC,1.25,0.6
SF17YVLO,0.75,0.45
SF17YIQU,0.67,0.9
SF17VAJA,0.78,0.93
SF17JIBE,1.22,0.9
SF17VVUQ,1.25,0.86
SF17WCBF,0.75,0.6
SF17AVJM,1.0,0.45
SF17GCOB,1.11,0.9
SF17KTFJ,1.25,0.6
SF17WYZR,2.0,0.6
SF17XIJR,2.0,0.3
SF17YQTL,1.0,0.6
SF17METY,2.5,0.6
SF17LVFO,1.25,0.6
SF17MQCQ,1.0,0.6
SF17MQDU,1.0,0.3
SF17VEHO,1.11,0.9
SF17HYJV,1.0,0.9
SF17EIRX,1.0,0.6
SF17PZJF,1.75,0.6
SF17TAKV,1.25,0.6
SF17BRUQ,1.25,0.6
SF17FZVF,1.75,0.6
SF17WFEM,1.0,0.3
SF17GJHU,1.0,0.68
SF17PXWR,1.5,0.6
SF17CXOK,1.0,0.9
SF17AYFV,0.75,0.86
SF17RNMO,1.25,0.34
SF17MNLS,1.25,0.45
SF17JCEP,0.75,0.6
SF17CQXW,1.0,0.3
SF17MJPI,0.75,0.86
SF17EDQP,0.89,0.93
SF17MNHD,1.0,0.86
SF17ACHZ,1.25,0.6
SF17ECCM,1.25,0.6
SF17RJUN,1.25,0.6
SF17PYYE,1.25,0.6
SF17EDNG,0.75,0.67
SF17UGPV,0.75,0.67
SF17TPSH,1.0,0.43
SF17BFTH,0.75,0.67
SF17SNVH,1.0,0.5
SF17GGUF,1.0,0.5
SF17NJVE,1.0,0.93
SF17QKDU,1.5,0.6
SF17BUXY,0.75,0.6
SF17ITSR,1.75,0.6
SF17TLYR,0.75,0.6
SF17PPNQ,1.0,0.3
SF17ZBSN,1.25,0.6
SF17YQRB,1.0,0.3
SF17DQSB,0.75,0.86
SF17PZHL,1.0,0.6
SF17CZTD,0.0,1.0
SF17QEZD,1.25,0.34
SF17EMRZ,1.0,0.6
SF17RKKG,1.75,0.6
SF17CJIO,1.25,0.6
SF17XPCV,1.25,0.6
SF17HZNY,1.25,0.6
SF17SJUJ,1.0,0.3
SF17NRDI,1.0,0.6
SF17IGDA,0.75,0.6
SF17CMPN,1.75,0.6
SF17RKJD,1.75,0.6
SF17GOIB,1.5,0.6
SF17UNMN,1.25,0.6
SF17YVLX,1.5,0.6
SF17YOPY,1.25,0.6
SF17SJID,1.25,0.6
SF17YSJA,1.0,0.3
SF17WPBB,1.25,0.6
SF17RHMY,1.0,0.3
SF17WNQG,0.89,0.9
SF17OBWW,0.75,0.6
SF17PIYG,1.0,0.3
SF17DIBS,1.25,0.6
SF17RIFT,2.0,0.6
SF17AVIF,1.25,0.63
SF17FEFF,1.25,0.6
SF17AGNS,0.75,0.6
SF17ZEFN,1.11,1.0
SF17PDTM,1.0,0.9
SF17HXEX,1.25,0.6
SF17KZFU,1.0,0.6
SF17QUGZ,0.75,0.6
SF17UKGD,1.0,0.3
SF17XUUQ,1.25,0.6
SF17OHPL,1.0,0.3
SF17WOOF,0.75,0.6
SF17SAGN,1.25,0.6
SF17GBAR,1.0,0.3
SF17VMCY,1.25,0.6
SF17UTLA,0.0,1.0
SF17TVZL,1.0,0.3
SF17FZJR,3.0,0.3
SF17GPPM,1.0,0.3
SF17LQMB,1.25,0.86
SF17GJHM,1.0,0.86
SF17WCHE,2.25,0.41
SF17WRWN,1.25,0.86
SF17TEOC,0.75,0.86
SF17YLNT,1.25,0.6
OZ15EEQH,0.67,0.42
OZ15NYUI,1.67,0.56
OZ15GBBA,1.11,0.51
OZ15WVYN,1.0,0.54
OZ15YGIZ,0.81,0.66
OZ15TRLM,0.67,0.75
OZ15DTNY,0.78,0.46
OZ15UDKO,1.33,0.46
OZ15CJWO,1.11,0.46
OZ15TDUW,1.13,0.47
OZ15AIAM,0.67,0.51
OZ15OVOW,0.88,0.71
OZ15GYUM,1.19,0.61
OZ15KMHM,0.63,0.73
OZ15RTSJ,0.67,0.58
OZ15VEFH,0.78,0.51
OZ15ALMS,1.04,0.83
OZ15YXOH,0.67,0.46
OZ15FHDK,0.78,0.56
OZ15OAJU,0.89,0.46
OZ15GXYD,2.0,0.64
OZ15OKDF,0.0,1.0
OZ15GMVB,1.0,0.31
OZ15UEQI,0.8,0.81
OZ15JKHC,1.75,0.3
OZ15NGQM,0.75,0.31
OZ15OXKF,0.69,0.71
OZ15SGYT,0.78,0.39
OZ15ERGE,0.0,1.0
OZ15UTVS,1.75,0.31
OZ15YQXK,0.63,0.73
OZ16MCMO,1.25,0.4
OZ16XAKA,1.5,0.4
OZ16XLFM,1.22,0.69
OZ16JZQE,1.0,0.56
OZ16ELTJ,0.67,0.69
OZ16MVQA,0.75,0.4
OZ16KUGM,1.0,0.54
OZ16VLAM,0.89,0.58
OZ16GMFS,2.5,0.46
OZ16APPT,1.0,0.44
OZ16VXDP,1.75,0.38
OZ16FYTN,1.0,0.46
OZ16JXOX,1.0,0.46
OZ16GPDM,1.56,0.69
OZ16YXHS,0.0,1.0
OZ16ALLM,0.75,0.49
OZ16SSKG,0.75,0.64
OZ16KBDQ,0.75,0.64
OZ16OGFD,0.0,1.0
OZ16LTJU,0.75,0.49
OZ16BALD,0.67,0.96
OZ16STKU,0.67,0.77
OZ16UVLS,2.0,1.0
OZ16UZLS,1.25,0.4
OZ16QSKP,0.75,0.38
OZ16HYIO,0.75,0.4
OZ16QESP,1.0,0.49
OZ16JFNE,1.11,0.69
OZ16FKLO,0.67,0.69
OZ16FWTT,0.63,0.95
OZ17AYSH,0.89,0.93
OZ17DEVU,1.0,0.31
OZ17FIGB,1.25,0.62
OZ17BZNS,0.89,0.43
OZ17KJOO,1.11,0.93
OZ17CPNS,0.75,0.62
OZ17SOBG,1.25,0.62
OZ17OOXB,1.0,0.95
OZ17QZDZ,0.89,0.93
OZ17DYSP,1.0,0.62
OZ17IEYF,0.75,0.62
OZ17FHQS,0.0,1.0
OZ17WVUL,1.0,0.31
OZ17EBKB,0.0,1.0
OZ17QWWA,1.5,0.62
OZ17OKLB,0.0,1.0
OZ17MYIA,1.0,0.62
OZ17JUTM,1.22,0.93
OZ17MCRT,0.75,0.62
OZ17EFRR,1.0,0.62
OZ17HGAK,1.0,0.62
OZ17CAFH,1.0,0.62
OZ17UZWE,0.75,0.95
OZ17LPFA,1.75,0.95
OZ17OUSV,0.75,0.62
OZ17WUSC,1.0,0.31
OZ17GDWF,0.67,0.93
OZ17PXGX,1.25,0.62
OZ17MYBF,1.0,0.62
OZ17QNTI,0.89,0.93
FO15XZMF,0.65,1.0
FO15QMQH,0.92,0.71
FO15JQSN,0.59,0.78
FO15ZPWB,0.0,1.0
FO15WSCG,0.75,0.46
FO15MGPC,0.78,0.86
FO15NZVD,0.67,0.83
FO15VDND,0.0,1.0
FO15ZCCJ,0.72,0.87
FO15SZWU,0.61,0.86
FO15EKKB,0.58,0.69
FO15BRIX,1.24,0.68
FO15ACQL,0.72,0.86
FO15YELK,0.68,0.73
FO15XLLC,0.58,0.81
FO15EXOU,0.57,1.0
FO15RAET,0.75,0.57
FO15LWKX,0.63,1.0
FO15XDYO,0.8,0.71
FO15VIDV,0.83,0.86
FO15OPYO,1.19,0.57
FO15FFQF,0.75,0.86
FO15KWMZ,0.0,1.0
FO15KKAU,0.6,0.71
FO15WLMI,0.75,0.57
FO15CQFJ,0.94,0.86
FO15OUKA,0.67,0.87
FO15WPDM,1.0,1.0
FO15CYIA,0.72,0.87
FO15NHVL,0.78,0.77
FO15BXZX,0.89,0.69
FO15CVHO,0.69,0.57
FO15TPIA,0.94,0.57
FO15JJYG,0.61,0.86
FO15GBIX,0.83,0.86
FO15KHIS,0.61,0.87
FO15ZZKD,0.69,0.57
FO15HLBB,0.75,0.87
FO15PWOW,1.0,0.57
FO15VYZU,1.13,0.68
FO15UWRY,0.81,0.87
FO15WKRR,0.69,0.68
FO15JQXF,0.75,0.87
FO15FVJQ,0.6,0.76
FO15DDFH,0.69,0.74
FO15CIMJ,1.06,1.0
FO15CJHQ,1.13,0.57
FO15SXNA,0.76,0.76
FO15AXSD,1.56,0.44
FO15YWJV,0.6,0.87
FO15GBIV,0.72,0.86
FO15FUOY,1.33,0.44
FO15HDOV,0.78,0.43
FO15YCLX,0.92,0.71
FO15VIJL,0.63,1.0
FO15WBCZ,1.12,0.98
FO15SMAK,0.75,0.62
FO15IMKQ,0.64,0.76
FO15INOW,1.0,0.23
FO15UPWA,1.25,0.32
FO15ZLBC,0.75,0.57
FO15VIXY,0.63,0.59
FO15GUTS,0.72,0.71
FO15MQIJ,0.81,0.57
FO15JVQC,0.96,0.76
FO15JQHL,0.88,0.59
FO15UZHK,0.68,0.67
FO15XWKJ,1.06,0.57
FO15TTYH,0.61,0.86
FO15RZXZ,1.0,0.68
FO15JQSH,0.88,0.59
FO15LMET,0.89,0.44
FO15URUL,1.0,0.57
FO15PCBM,0.81,0.57
FO15HGHZ,0.0,1.0
FO15LHRT,0.94,0.44
FO15LTDR,0.67,0.76
FO15UOMM,0.69,0.57
FO15RKNP,0.63,0.86
FO15GRJL,0.63,0.86
FO15PTML,0.75,0.82
FO15PSEL,0.63,0.57
FO15VLIV,0.75,0.45
FO15CCMF,0.0,1.0
FO15DVJN,1.0,0.42
FO15SNEQ,0.75,0.29
FO15YZXI,0.73,1.0
FO15PYDW,0.64,0.86
FO15CJMI,0.67,1.0
FO15PJAS,0.64,0.86
FO15FMGW,0.6,0.75
FO15BNQK,0.64,0.75
FO15BCJF,0.63,0.57
FO15LFIZ,0.89,0.62
FO15XRYM,0.6,0.71
FO15BGAI,0.58,1.0
FO15SHNH,0.76,0.71
FO15UXIW,0.63,0.86
FO15WYCR,0.64,0.96
FO15JJBG,0.75,0.43
FO15SRDI,1.33,0.62
FO15EUUA,0.0,1.0
FO15LGIT,0.6,0.88
FO15NJTS,0.63,0.8
FO15OUXL,0.58,0.95
FO15ISUZ,0.72,0.92
FO15BEEF,0.63,0.88
FO15YHKB,0.58,0.86
FO15KKJW,0.64,0.88
FO15URMN,0.58,0.89
FO15FPIF,0.58,0.92
FO15AEOB,0.8,0.81
FO15OWQW,0.76,0.67
FO15ATJR,0.58,0.92
FO15MRVP,0.58,0.9
FO15AAXO,0.63,0.57
FO15SDPV,0.6,0.73
FO15FUVD,0.6,0.78
FO15HSVZ,0.81,0.63
FO15YBAG,0.63,0.67
FO15CJFY,0.58,0.86
FO15CEXB,0.76,0.81
FO15PJUO,0.69,0.86
FO15CMPD,0.58,0.92
FO15GCIV,0.78,0.9
FO15SJSD,1.0,0.81
FO15AMNT,0.64,0.75
FO15WBKG,0.89,0.48
FO15FBAF,0.67,0.9
FO15DNOP,0.68,0.71
FO15DVKE,1.0,0.33
FO15XOPN,0.76,0.76
FO15WBYW,0.78,0.64
FO15IJTU,0.6,0.71
FO15IVLF,0.67,0.92
FO15APTC,0.6,0.76
FO15PHEN,0.0,1.0
FO15WGLO,1.24,0.81
FO15VDCN,1.56,0.48
FO15KMYP,0.63,0.88
FO15NVLH,0.0,1.0
FO15FLMF,1.0,0.53
FO15FXMS,0.67,0.49
FO15NJKG,0.75,0.86
FO15RSML,2.0,0.21
FO15IOML,0.89,0.62
FO15BQOE,0.76,0.71
FO15TMAU,0.67,0.67
FO15NTEA,0.68,0.57
FO15ORRZ,0.76,0.75
FO15MGLI,0.64,0.71
FO15QNVC,1.25,0.44
FO15KBUA,0.78,0.47
FO15XWDP,0.67,0.43
FO15ARKZ,1.0,0.33
FO15MILI,0.88,0.71
FO15CKCP,0.6,0.76
FO15PGHB,0.69,0.6
FO15FCHA,0.67,0.85
FO15QHHI,0.63,0.82
FO15WIWE,0.57,0.8
FO15VJID,0.76,0.76
FO15WBOC,0.63,0.84
FO15BYTS,0.63,0.86
FO15AUWC,0.63,0.84
FO15TPPD,0.63,0.84
FO16YHKJ,1.0,0.69
FO16GHOK,1.0,0.69
FO16NMGJ,1.0,0.69
FO16IPVI,1.0,0.56
FO16VYVO,1.0,0.69
FO16PVSN,1.0,0.77
FO16FTCS,0.0,1.0
FO16XFDQ,1.0,0.77
FO16KTBZ,1.0,0.77
FO16IWCC,1.0,0.69
FO16CZRZ,1.0,0.69
FO16KLLP,1.0,0.77
FO16RNLP,0.0,1.0
FO16WQEJ,2.0,0.63
FO16BLIR,0.0,1.0
FO16ZPAM,0.0,1.0
FO16DZOK,1.0,0.69
FO16HHBO,0.0,1.0
FO16GBHF,1.0,0.69
FO16ZVLT,0.0,1.0
FO16RLFJ,1.0,0.77
FO16DJXN,1.0,0.69
FO16DVFQ,1.0,0.69
FO16TKZQ,2.0,0.63
FO16WBSH,1.0,0.69
FO16JEKJ,1.0,0.77
FO16PIRE,1.0,0.77
FO16XDQH,0.0,1.0
FO16BZHM,1.0,0.92
FO16OQAP,1.0,0.69
FO16XDJV,1.0,0.69
FO16KBGD,0.0,0.0
FO16SMBK,0.0,1.0
FO16ODUY,1.0,0.69
FO16WSNC,1.0,0.77
FO16VMKI,1.0,0.69
FO16EXEM,1.0,0.69
FO16AAZV,0.0,1.0
FO16MCLM,1.0,0.69
FO16XXXL,0.0,1.0
FO16THMP,1.0,0.92
FO16MPGW,1.0,0.69
FO16XKBR,1.0,0.77
FO16JCVD,1.0,0.69
FO16YQUY,1.0,0.69
FO16VOZF,2.0,0.69
FO16KYGR,1.0,0.69
FO16UWHY,1.0,0.69
FO16NLJA,1.0,0.77
FO16ZXAT,1.0,0.69
FO16HSSC,1.0,0.69
FO16YPHD,1.0,0.69
FO16UDCX,0.0,1.0
FO16IAZE,1.0,0.69
FO16AXFT,1.0,0.77
FO16OTIL,1.0,0.69
FO16PFNB,1.0,0.69
FO16HXGF,1.0,0.69
FO16CNNZ,1.0,0.77
FO16KMEB,1.0,0.92
FO16VFNB,1.0,0.69
FO16DHKJ,1.0,0.92
FO16NXVJ,1.0,0.69
FO16PJEF,0.0,1.0
FO16BTNW,0.0,1.0
FO16ACDN,1.0,0.69
FO16VRGK,1.0,0.69
FO16ZFSQ,0.75,0.77
FO16FBTM,1.0,0.69
FO16HAWE,1.0,0.69
FO16GWYC,1.0,0.92
FO16BHRG,0.0,1.0
FO16KHJH,1.0,0.69
FO16YMET,1.0,0.85
FO16GRGI,1.0,0.77
FO16VNTN,1.0,0.69
FO16RLND,1.0,0.77
FO16LPMU,1.0,0.69
FO16DKRU,1.0,0.92
FO16RJQT,0.0,1.0
FO16FGVQ,1.0,0.69
FO16RWOA,1.0,0.69
FO16PNYX,1.0,0.69
FO16KFBC,1.0,0.69
FO16OVLU,0.0,1.0
FO16ZHHY,1.0,0.69
FO16BKNW,0.0,1.0
FO16KXTD,1.0,0.69
FO16VBOA,1.0,0.69
FO16WSDE,2.0,0.77
FO16UKKG,1.0,0.69
FO16XWQD,1.0,0.69
FO16RMMD,0.0,1.0
FO16OJXH,0.0,1.0
FO16TTNO,1.0,0.77
FO16QGSR,2.0,0.69
FO16QAWE,1.0,0.69
FO16GGWI,1.0,0.92
FO16SIMN,1.0,0.69
FO16QZDS,2.0,0.69
FO16AJQH,1.0,0.85
FO16XMHS,1.0,0.69
FO16KMMC,1.0,0.69
FO16YHOX,1.0,0.85
FO16JGQN,0.0,1.0
FO16IJCQ,2.0,0.69
FO16QTDP,1.0,0.77
FO16WFEV,1.0,0.92
FO16TEPD,1.0,0.69
FO16BLFF,1.0,0.69
FO16TLEY,1.0,0.69
FO16HKLE,1.0,0.77
FO16LSJK,1.0,0.77
FO16PEPG,1.0,0.92
FO16FAPQ,1.0,0.69
FO16BCPK,1.0,0.92
FO16NFNK,1.0,0.69
FO16UUSO,1.0,0.69
FO16KLIL,1.0,0.69
FO16BCUO,1.0,0.69
FO16TWNX,1.0,0.69
FO16EYXM,1.0,0.69
FO16QFNI,1.0,0.69
FO16IBDB,1.0,0.77
FO16UUOI,1.0,0.69
FO16AZRN,1.0,0.69
FO16GEUJ,1.0,0.69
FO16YLHL,0.0,1.0
FO16HSYI,0.0,1.0
FO16JDKN,1.0,0.69
FO16CUXP,1.0,0.69
FO16RVKM,0.0,1.0
FO16ALOK,1.0,0.69
FO16AWNM,1.0,0.69
FO16LGOL,1.0,0.92
FO16UZRT,1.0,0.69
FO16YYCA,1.0,0.69
FO16YOOQ,1.0,0.77
FO16BUHU,1.0,0.77
FO16PKGO,1.0,0.69
FO16DADZ,0.0,1.0
FO16RVYQ,1.0,0.69
FO16OCXT,1.0,0.92
FO16DEEI,1.0,0.69
FO16PBRP,1.0,0.69
FO16PYLO,1.0,0.69
FO16NLNP,1.0,0.69
FO16FAFI,1.0,0.85
FO16OMSE,1.0,0.69
FO16CWLH,1.0,0.69
FO16OQOQ,1.0,0.69
FO16LJNP,1.0,0.69
FO16ZMZC,2.0,0.92
FO16ISCP,1.0,0.69
FO16IFAF,1.0,0.69
FO16DRWU,1.0,0.69
FO16SBVM,1.0,0.77
FO16FXCX,1.0,0.69
FO17BWBQ,0.0,1.0
FO17SFRC,0.0,1.0
FO17IETN,1.0,0.82
FO17SZEL,0.0,1.0
FO17SYNJ,1.0,0.82
FO17YDWJ,0.0,1.0
FO17JRRV,0.0,1.0
FO17GNSL,0.0,1.0
FO17HYRK,1.0,0.91
FO17JGVH,2.0,0.82
FO17PRQX,0.0,1.0
FO17TWAA,0.0,1.0
FO17JUYA,0.0,1.0
FO17LCHS,0.0,1.0
FO17UIJR,0.0,1.0
FO17QRLG,0.0,1.0
FO17AVHQ,0.0,1.0
FO17DZWC,0.0,1.0
FO17ORAN,0.0,1.0
FO17NIRV,0.0,1.0
FO17JBUX,0.0,1.0
FO17VKYC,0.0,1.0
FO17ZEID,0.0,1.0
FO17CTFA,0.0,1.0
FO17NAWQ,0.0,1.0
FO17LQGY,0.0,1.0
FO17SUQL,0.0,1.0
FO17IWVY,0.0,1.0
FO17AZGF,0.0,1.0
FO17MMGO,0.0,1.0
FO17TDOZ,0.0,1.0
FO17NBOG,0.0,1.0
FO17VJEB,1.0,0.82
FO17HAAT,0.0,1.0
FO17IKOM,0.0,0.0
FO17KBJH,0.0,1.0
FO17JELK,0.0,1.0
FO17WVBN,0.0,1.0
FO17YGHG,0.0,0.0
FO17CQIL,0.0,1.0
FO17BVMS,0.0,1.0
FO17JVUG,0.0,1.0
FO17WPXP,0.0,1.0
FO17CMXF,0.0,1.0
FO17TGHH,1.0,0.82
FO17OTRP,0.0,1.0
FO17GXAQ,0.0,1.0
FO17IFSE,0.0,1.0
FO17OOEC,0.0,1.0
FO17URHH,0.0,1.0
FO17OTGB,0.0,1.0
FO17QZIS,0.0,1.0
FO17DMSI,0.0,1.0
FO17UNKH,0.0,1.0
FO17ZYUW,0.0,1.0
FO17MMOH,0.0,1.0
FO17ADFS,0.0,1.0
FO17EWBW,0.0,1.0
FO17RIEC,0.0,1.0
FO17LELW,0.0,1.0
FO17YGXC,0.0,1.0
FO17PHOC,0.0,1.0
FO17SATM,0.0,1.0
FO17UXKA,0.0,1.0
FO17BZKW,0.0,1.0
FO17KIHH,0.0,1.0
FO17WCAW,0.0,1.0
FO17NIKF,0.0,1.0
FO17NHNS,0.0,1.0
FO17VYZX,0.0,1.0
FO17XVWF,0.0,1.0
FO17BVTU,0.0,1.0
FO17QOGL,0.0,1.0
FO17NLST,0.0,1.0
FO17IFSD,0.0,1.0
FO17KZWW,3.0,0.82
FO17HRQP,1.0,0.43
FO17RDMM,1.0,0.43
FO17TMSD,0.0,1.0
FO17VILB,0.0,1.0
FO17UQTZ,0.0,0.0
FO17BVEE,0.0,0.0
FO17EGGS,1.0,0.82
FO17DORL,1.0,0.82
FO17NOHJ,1.0,0.82
FO17WWEG,0.0,1.0
FO17RBLZ,1.0,0.82
FO17KGFI,1.0,0.82
FO17CFKQ,0.0,1.0
FO17FXMJ,0.0,1.0
FO17YAOK,0.0,1.0
FO17CDDN,0.0,1.0
FO17ISIT,0.0,1.0
FO17JFCW,0.0,1.0
FO17LTPR,1.0,0.82
FO17AAPW,1.0,0.82
FO17TXQC,0.0,1.0
FO17KTJT,0.0,1.0
FO17RRAS,0.0,1.0
FO17GDKR,0.0,1.0
FO17URBP,0.0,1.0
FO17KPKQ,0.0,1.0
FO17UFCB,0.0,1.0
FO17OKNS,0.0,1.0
FO17LLHK,0.0,1.0
FO17MAYR,0.0,1.0
FO17YEGN,1.0,0.82
FO17QSDY,0.0,1.0
FO17UTSL,0.0,1.0
FO17XTQM,0.0,1.0
FO17GDFL,0.0,1.0
FO17JIZK,0.0,1.0
FO17DVHO,0.0,1.0
FO17XNVD,0.0,1.0
FO17WVRY,0.0,1.0
FO17BBUH,0.0,1.0
FO17PTBU,0.0,1.0
FO17QERT,0.0,1.0
FO17WMIV,1.0,0.82
FO17NLEM,0.0,1.0
FO17NMXR,0.0,1.0
FO17KELA,0.0,1.0
FO17IJIZ,0.0,1.0
FO17CFAW,0.0,1.0
FO17FHJA,0.0,1.0
FO17LNDZ,0.0,1.0
FO17YAPI,0.0,1.0
FO17THDO,0.0,1.0
FO17BWZV,0.0,1.0
FO17XIAB,0.0,1.0
FO17DMHR,0.0,1.0
FO17WOOZ,0.0,1.0
FO17CGXX,0.0,1.0
FO17PXLJ,0.0,1.0
FO17FYAO,0.0,1.0
FO17CUHA,0.0,1.0
FO17LZHW,0.0,1.0
FO17KZOC,1.0,0.82
FO17BAQE,0.0,1.0
FO17BTOA,0.0,1.0
FO17MNUH,3.0,0.82
FO17VBNA,0.0,1.0
FO17MEVB,0.0,1.0
FO17QKSY,0.0,1.0
FO17IHMI,0.0,1.0
FO17HYWO,0.0,1.0
FO17IFOP,0.0,1.0
FO17KMWH,0.0,1.0
FO17MPAZ,0.0,1.0
FO17HFHD,1.0,0.82
FO17NPJE,1.0,0.82
FO17LMMJ,1.0,0.82
FO17OUDE,1.0,0.91
FO17WTMQ,1.0,0.82
FO17GDOX,0.0,1.0
FO17MXNH,1.0,0.82
FO17ORZP,0.0,1.0
FO17LYSN,1.0,0.82
FO17PUJY,1.0,0.82
FO17WVCT,1.0,0.82
FO17UMOF,1.0,0.82
FO17KVUX,1.0,0.43
FO17AJRC,0.0,1.0
FO17LNEJ,0.0,1.0
FO17SGHA,4.0,0.82
FO17TPGN,1.0,0.82
FO17FJXA,0.0,1.0
FO17HXFP,0.0,1.0
FO17KYDB,0.0,1.0
LT15QVUI,0.58,0.94
LT15CILF,1.0,0.73
LT15BONG,0.0,1.0
LT15HRUU,0.78,0.75
LT15KLQA,1.06,0.83
LT15YIIE,0.63,1.0
LT15WRVR,0.67,1.0
LT15VMJJ,0.63,0.65
LT15FXBV,0.94,0.94
LT15ZNSU,0.63,0.71
LT15VKQY,0.78,0.75
LT15LWIC,0.67,0.75
LT15SGQV,0.76,0.8
LT15QYYR,0.58,0.94
LT15BJTJ,0.63,1.0
LT15OGFN,0.89,0.51
LT15UJOY,0.88,0.65
LT15WDUU,0.72,1.0
LT15ZZKY,0.69,0.71
LT15CUZE,0.75,0.29
LT15SCRT,0.88,0.82
LT15KUGN,0.75,0.37
LT15WKEJ,1.0,0.2
LT15OJMX,0.6,0.93
LT15NRKV,0.67,0.88
LT15AICZ,1.0,0.64
LT15HVNQ,0.0,1.0
LT15ZQWI,0.0,1.0
LT15SIVY,0.67,0.72
LT15VBHN,0.0,0.0
LT15OUGQ,0.67,0.75
LT15JOFP,0.63,0.98
LT15GGTI,0.0,1.0
LT15PKFV,0.67,0.75
LT15XMUR,0.63,1.0
LT15SAWF,0.75,0.5
LT15FDBB,0.0,1.0
LT15XQZU,0.0,1.0
LT15RWPF,0.75,0.82
LT15AHZX,0.67,0.5
LT15WXQA,1.33,0.51
LT15KSCT,0.0,1.0
LT15QLTK,0.67,0.5
LT15STPC,0.6,1.0
LT15NKBM,0.88,0.48
LT15OWJI,0.75,0.93
LT15HKCM,1.0,0.75
LT15VJMG,0.0,1.0
LT16PKNX,2.0,0.86
LT16LCJP,1.25,0.86
LT16RHLN,0.0,1.0
LT16KNPB,0.67,0.9
LT16HHVH,4.0,0.82
LT16CKSM,3.0,0.82
LT16ZKUJ,0.75,0.86
LT16OBCO,0.75,0.86
LT16ZUUD,1.0,0.75
LT16OADC,0.0,1.0
LT16EFEH,0.75,0.67
LT16SYGC,1.0,0.75
LT16UWTT,1.0,0.56
LT16YGDC,0.0,1.0
LT16QJEC,1.25,0.67
LT16ZVIL,0.75,0.86
LT16PRFI,0.75,0.86
LT16CVTP,0.75,0.86
LT16XQWB,0.75,0.67
LT16KWVZ,0.75,0.9
LT16NZYT,0.75,0.67
LT16LSWR,0.75,0.86
LT16WAAV,0.75,0.67
LT16MMZH,1.0,0.75
LT16JVXX,1.25,0.86
LT16ZGBY,1.0,0.56
LT16PKRU,1.25,0.67
LT16DQMG,1.0,0.56
LT16BSPF,0.75,0.67
LT16GNJQ,0.75,0.86
LT16OYOG,0.0,1.0
LT16QDBX,1.0,0.75
LT16GAEE,1.0,0.56
LT16WQXA,0.75,0.67
LT16RLTQ,0.0,1.0
LT16YNIL,0.0,1.0
LT16KZZL,1.0,0.9
LT16BTKI,1.0,0.56
LT16OQCU,1.0,0.56
LT16CMLY,1.0,0.56
LT16OIBN,0.0,1.0
LT16QQAP,1.0,0.56
LT16GFAQ,1.0,0.56
LT16IZDA,1.0,0.56
LT16ATNI,1.0,0.56
LT16VRQL,2.0,0.56
LT16QPLR,1.0,0.82
LT16LVZE,0.0,1.0
LT17BEYI,0.75,0.9
LT17AZAH,0.75,0.62
LT17QBQI,1.25,0.62
LT17FBUZ,0.75,0.62
LT17DJRT,0.0,1.0
LT17NZQM,1.25,0.62
LT17VVHN,1.25,0.62
LT17KLJI,0.75,0.9
LT17EEDQ,0.75,0.62
LT17MEWH,1.25,0.62
LT17RYXA,1.33,0.93
LT17WYRL,1.0,0.9
LT17YAOV,0.89,0.93
LT17IANO,0.75,0.62
LT17EQLG,1.0,0.9
LT17UGUP,0.75,0.29
LT17REEO,1.0,0.9
LT17POXQ,1.0,0.53
LT17NBSE,1.25,0.9
LT17IBJP,1.0,0.9
LT17CHVJ,1.75,0.62
LT17SNXT,1.33,0.93
LT17KRSX,0.67,0.93
LT17LKRX,1.0,0.9
LT17CHIA,1.0,0.62
LT17RGKU,1.22,0.93
LT17FKYM,0.67,0.93
LT17POOF,1.11,0.93
LT17UDFA,1.75,0.9
LT17XCJU,0.0,1.0
LT17AWAE,0.0,1.0
LT17KPKR,1.5,0.9
LT17HKTB,0.75,0.9
LT17EFSY,1.75,0.9
LT17JCEF,0.75,0.9
LT17CCJC,2.0,0.45
LT17SFNR,0.75,0.62
LT17CCMW,1.11,0.93
LT17FHDM,0.75,0.62
LT17CYCF,0.78,0.93
LT17DZEV,0.75,0.62
LT17DLAP,0.75,0.62
LT17TSRW,0.0,1.0
LT17HPKQ,1.75,0.29
LT17SGGZ,0.0,1.0
LT17YSPR,1.0,0.31
LT17BZJH,1.0,0.14
LT17CMOF,1.0,0.62
LT17TDDI,0.75,0.62
SC15WORJ,0.88,0.68
SC15VFWN,0.6,0.71
SC15IRQS,0.65,0.78
SC15LYJY,0.81,0.68
SC15RPBY,0.75,0.3
SC15DBEA,1.33,0.86
SC15SXUB,1.22,0.46
SC15QPTW,1.13,0.57
SC15LDQQ,0.0,1.0
SC15UFNX,1.11,0.43
SC15SEKY,0.63,0.59
SC15QHTI,0.78,0.47
SC15YCPS,0.94,0.52
SC15EKTP,0.88,0.7
SC15VBAJ,0.0,1.0
SC15VLUQ,0.69,0.6
SC15PEXG,0.86,0.87
SC15SKTM,0.81,0.59
SC15DFRV,0.67,0.9
SC15TYFK,1.22,0.43
SC15IGQJ,1.0,0.59
SC15FWAG,0.64,0.7
SC15DZVU,0.83,0.86
SC15CHMG,0.63,0.91
SC15YPKT,1.63,0.57
SC15MDJT,0.0,1.0
SC15JMVQ,0.84,0.75
SC15HEZX,0.71,1.0
SC15YKDW,0.63,0.7
SC15UEGJ,0.84,0.75
SC15BVUW,1.0,0.59
SC15NZMY,1.08,0.85
SC15JNTD,0.81,0.7
SC15GHGW,0.0,1.0
SC15FEIS,1.44,0.68
SC15EVXP,0.0,1.0
SC15ARZL,0.0,1.0
SC15IYTK,0.78,0.62
SC15JRBS,0.0,1.0
SC15UBSJ,0.94,0.7
SC15CSNL,0.63,0.74
SC15VHDN,1.38,0.84
SC15WOXR,0.6,0.91
SC15YQRT,1.0,0.27
SC15DJWN,0.67,0.55
SC15EYVU,1.0,0.72
SC15VXLG,0.63,0.74
SC15WQWT,1.11,0.74
SC16MHIA,0.0,1.0
SC16DDKV,0.75,0.82
SC16WBOR,1.0,0.75
SC16XDZG,0.75,0.95
SC16JLQC,0.0,1.0
SC16OHLJ,0.75,0.86
SC16CPNO,1.0,0.75
SC16GWSC,0.75,0.82
SC16SEUG,1.0,0.41
SC16VPVC,0.75,0.78
SC16UMTL,0.75,0.82
SC16VDVL,1.0,0.41
SC16UPGM,1.5,0.95
SC16AKHA,0.75,0.29
SC16URSJ,1.0,0.78
SC16DTJT,0.75,0.82
SC16MPQF,0.75,0.91
SC16FVKI,1.0,0.34
SC16SGOM,0.75,0.29
SC16VMCC,1.0,0.75
SC16NGDQ,0.75,0.82
SC16OTVC,0.75,0.82
SC16EFMQ,0.75,0.86
SC16YZJG,1.0,0.41
SC16ZHDB,0.75,0.82
SC16UURS,1.0,0.82
SC16CXXH,0.75,0.82
SC16YVZD,0.75,0.82
SC16JHBL,2.0,0.55
SC16SZQV,1.75,0.82
SC16DWKY,0.75,0.82
SC16NHRC,1.25,0.91
SC16WFZU,0.75,0.82
SC16RNWX,0.0,1.0
SC16GQWO,0.75,0.82
SC16YYQH,0.75,0.82
SC16DXFE,0.75,0.82
SC16CGYW,0.75,0.82
SC16PBZM,0.0,1.0
SC16MDJQ,0.75,0.82
SC16BZDN,1.0,0.82
SC16XBCA,2.0,0.41
SC16JXWL,1.5,0.82
SC16GHPE,0.0,1.0
SC16HAXQ,0.75,0.82
SC16SUEJ,1.0,0.41
SC16YMNW,4.0,0.5
SC16OQQR,1.0,0.75
SC16UDQW,1.25,0.82
SC16QPEZ,0.75,0.82
SC16QEGU,1.0,0.55
SC16JHWQ,1.0,0.91
SC16QCEO,0.0,1.0
SC16KQTE,1.0,0.41
SC16KQEI,0.75,0.91
SC16OKFI,0.75,0.82
SC16LZSA,0.75,0.82
SC16ZIRV,2.0,0.41
SC17FUXH,0.0,1.0
SC17CYYR,1.0,0.86
SC17ZREU,0.75,0.86
SC17ANEV,1.25,0.86
SC17URQI,1.0,0.86
SC17ATOU,1.0,0.86
SC17USQT,0.75,0.86
SC17VORI,0.75,0.86
SC17YQOW,0.75,0.86
SC17KMYL,1.0,0.82
SC17RFTO,0.75,0.86
SC17HEQJ,1.0,0.86
SC17GNRM,0.75,0.86
SC17IMGY,0.75,0.86
SC17PPCW,1.0,0.86
SC17TAPF,0.75,0.86
SC17WNAJ,1.25,0.29
SC17NDZA,0.0,1.0
SC17RSNF,1.25,0.86
SC17XRIO,0.75,0.29
SC17HNLU,0.0,1.0
SC17NFPA,1.0,0.86
SC17YDKP,0.0,1.0
SC17VRPC,1.25,0.86
SC17YRWF,0.75,0.86
SC17ULZP,1.0,0.86
SC17NUOC,1.0,0.43
SC17AODP,1.75,0.86
SC17TWEC,0.67,0.43
SC17CFYJ,0.75,0.86
SC17FATO,1.5,0.86
SC17OQLT,0.75,0.86
SC17FKKE,1.0,0.86
SC17CTFN,0.75,0.86
SC17WLTB,1.25,0.86
SC17SZIM,1.25,0.86
SC17ZVPH,1.0,0.43
SC17XVLI,0.0,1.0
SC17FNZR,1.5,0.86
SC17XQOU,1.0,0.86
SC17NZEG,1.0,0.86
SC17MIJC,1.75,0.86
SC17GWHG,0.75,0.86
SC17VVVM,1.25,0.86
SC17QLOD,1.0,0.43
SC17BBJG,0.75,0.86
SC17SZDZ,1.0,0.43
SC17INXV,1.0,0.86
SC17FJXE,0.0,1.0
SC17IZGA,1.25,0.86
SC17DGAP,1.0,0.86
SC17HJRH,0.75,0.86
SC17AYXG,1.25,0.86
SC17UKQL,0.0,1.0
EI15DAXC,0.81,0.93
EI15QFGT,0.0,1.0
EI15QTSL,0.78,0.64
EI15QSAZ,0.78,0.64
EI15DVGV,0.69,0.86
EI15WNUE,0.89,0.64
EI15KMWN,0.63,0.86
EI16UEEE,1.0,0.69
EI16OHTF,1.0,0.69
EI16WYOY,1.0,0.92
EI16IXIM,0.75,0.29
EI16DPAT,0.0,1.0
EI16AJKA,1.0,0.69
EI16PPMV,1.0,0.17
EI16YRHC,1.0,0.69
EI16KIVT,1.0,1.0
EI16COBG,0.0,1.0
EI16JEXC,1.0,0.53
EI17BAUJ,0.75,0.69
EI17RUSY,1.25,0.69
EI17KVEZ,1.0,0.35
EI17YGXG,1.0,0.56
EI17DPAG,1.25,0.69
EI17ECWU,1.0,0.35
EI17XCRK,1.0,0.35
EI17KBVZ,1.25,0.69
EI17IDTM,1.0,0.56
